kind,old_code,new_code,status,source_name,target_name,source_unit,target_unit,match_score,reason
Material,2130001,1011509,规范化名称匹配,镀锌低碳钢丝 Φ0.4～0.6,镀锌低碳钢丝 φ=0.4～0.6,kg,kg,98,
Material,2130012,1011535,规范化名称匹配,镀锌低碳钢丝 Φ0.7～6,镀锌低碳钢丝 φ=0.7～6,kg,kg,98,
Material,1910107,1010053,规范化名称匹配,带肋钢筋(HRB400) Φ＜18，≥28,带肋钢筋 HRB400 φ＜18，≥28,kg,kg,98,
Machine,9101100,9101051,相似名称匹配,内燃空气压缩机 ≤3m3/min,内燃活塞式空气压缩机 ≤3m³/min,台班,台班,100,自动采用唯一高相似候选
Material,2368612,7011977,规范化名称匹配,铝绑线 Φ2,铝绑线 φ2,m,m,98,
Material,4824024,7053257,规范化名称匹配,横担(Ⅰ)∠50×5×2300,横担(Ⅰ) ∠50×5×2300,根,根,98,
Material,4826010,7054731,规范化名称匹配,Ｕ形抱箍 Φ16×710,Ｕ形抱箍 φ16×710,套,套,98,
Material,4830011,7055897,规范化名称匹配,拉线棒 Φ19×2700,拉线棒 φ19×2700,根,根,98,
Material,4826014,7054797,规范化名称匹配,Ｕ形抱箍 Φ20×710,Ｕ形抱箍 φ20×710,套,套,98,
Material,4830010,7055875,规范化名称匹配,拉线棒 Φ16×2700,拉线棒 φ16×2700,根,根,98,
Material,4824079,7054071,相似名称匹配,横担 ∠75×8×1500(高压),横担 ∠75×8×1500,根,根,100,自动采用唯一高相似候选
Material,4824035,7053455,规范化名称匹配,横担 ∠63×6×1500(高压),横担 ∠63×6×1500 （高压）,根,根,98,
Material,4511016,6061079,规范化名称匹配,氧化锌避雷器 HY5WS1-17/50,氧化锌式避雷器 HY5WS1-17/50,个,个,98,
Material,4830012,7055919,规范化名称匹配,拉线棒 Φ20×3300,拉线棒 φ20×3300,根,根,98,
Material,4835349,7058053,规范化名称匹配单位不同,隔离开关传动杆 Φ25×9m,隔离开关传动杆 φ25×9m,套,个,98,
Material,4826013,7054775,规范化名称匹配,Ｕ形抱箍 Φ18×710,Ｕ形抱箍 φ18×710,套,套,98,
Material,4835445,7058581,规范化名称匹配,吊杆 扁钢4×50×1180～1210,吊杆 扁钢4×50×(1180～1210),根,根,98,
Material,6177046,8066017,规范化名称匹配,拉杆 Φ25×3000,拉杆 φ25×3000,根,根,98,
Material,2410011,7011996,规范化名称匹配,铝绑线 Φ3.2,铝绑线 φ3.2,m,m,98,
Material,4242011,7029121,规范化名称匹配,10kV绝缘套管JY-Z 35～120 mm2,10kV绝缘套管JY-Z 35～120mm2,根,根,98,
Material,4732012,7016309,相似名称匹配,铝芯绝缘架空电缆 10kV JKLYJ 70mm2,铝芯架空绝缘电缆 10kV JKLYJ 70mm2,m,m,93,自动采用唯一高相似候选
Material,4828019,7055259,相似名称匹配,抱箍 扁钢3×30,抱箍(二) 扁钢3×30,套,套,97,自动采用唯一高相似候选
Material,1270011,1172823,相似名称匹配,道路石油沥青 100甲、100乙、180号,道路石油沥青 100号甲、100号乙、180号,kg,kg,98,自动采用唯一高相似候选
Material,1300001,1100001,相似名称匹配,标准砖 240×115×53,砖 240×115×53,千块,千块,100,自动采用唯一高相似候选
Material,1900014,1010001,规范化名称匹配,光圆钢筋（HPB300） Φ＜10,光圆钢筋 HPB300 φ＜10,kg,kg,98,
Material,1900015,1010027,规范化名称匹配,光圆钢筋（HPB300） Φ≥10,光圆钢筋 HPB300 φ≥10,kg,kg,98,
Material,7517511,5041446,规范化名称匹配,电缆托架  乙型,电缆托架 乙型,套,套,98,
Material,2240018,1220641,规范化名称匹配,镀锌焊接钢管  DN150×4.5,镀锌焊接钢管 DN150×4.5,m,m,98,
Material,2240016,1220625,规范化名称匹配,镀锌焊接钢管  DN100×4,镀锌焊接钢管 DN100×4,m,m,98,
Material,3373203,1226377,规范化名称匹配,聚乙烯给水管件 0.6MPa   de160,聚乙烯给水管件 0.6MPa De160,个,个,98,
Material,4020023,1270729,相似名称匹配,导向水平钻孔拉管机钻头 Φ200～Φ1100,导向水平钻孔拉管机钻头 φ=200～1100,组,组,100,自动采用唯一高相似候选
Material,8714016,1135941,规范化名称匹配,混凝土电缆槽道盖板（1000×700×120）,混凝土电缆槽道盖板 1000×700×120,块,块,98,
Material,4741154,1306490,相似名称匹配,镀锌钢制托盘式桥架 200×150,镀彩钢制托盘式桥架 200×150,m,m,96,自动采用唯一高相似候选
Material,4741155,1306593,相似名称匹配,镀锌钢制托盘式桥架 400×200,镀彩钢制托盘式桥架 400×200,m,m,96,自动采用唯一高相似候选
Material,4741156,1306696,相似名称匹配,镀锌钢制托盘式桥架 600×200,镀彩钢制托盘式桥架 600×200,m,m,96,自动采用唯一高相似候选
Material,4741157,1306799,相似名称匹配,镀锌钢制托盘式桥架 800×200,镀彩钢制托盘式桥架 800×200,m,m,96,自动采用唯一高相似候选
Material,4745011,1301340,规范化名称匹配,光、电缆保护槽道(含支架、弯头）240×180×2.0,光、电缆保护槽道(含支架、弯头） 240×180×2.0,m,m,98,
Material,4745012,1301443,规范化名称匹配,光、电缆保护槽道(含支架、弯头）320×180×3.0,光、电缆保护槽道(含支架、弯头） 320×180×3.0,m,m,98,
Material,3360019,1223993,规范化名称匹配,聚氯乙烯软管 d16×2,聚氯乙烯软管 D16×2,m,m,98,
Material,2400213,1016813,规范化名称匹配,紫铜线 Φ2,紫铜线 φ2,kg,kg,98,
Material,3394120,1034642,相似名称匹配,塑料胶粘带 20×20m,塑料胶粘带 20m×20,卷,卷,94,自动采用唯一高相似候选
Material,3617926,1062701,规范化名称匹配,普通螺钉（栓）,普通螺钉(栓),kg,kg,98,
Material,4836110,7058669,相似名称匹配,电抗器台架槽钢 #12×4000,电抗器台架槽钢 12×4000,根,根,100,自动采用唯一高相似候选
Material,4836111,7058691,相似名称匹配,电抗器固定槽钢 #8×640,电抗器固定槽钢 8×640,根,根,99,自动采用唯一高相似候选
Material,4836112,7058713,相似名称匹配,电抗器顶桩槽钢 #10×450,电抗器顶桩槽钢 10×450,根,根,99,自动采用唯一高相似候选
Material,1110600,1141511,规范化名称匹配,硬木 Φ50×4000,硬木 φ50×4000,根,根,98,
Material,1902001,1010625,规范化名称匹配,镀锌圆钢 Φ＜10,镀锌圆钢 φ＜10,kg,kg,98,
Material,1902002,1010651,规范化名称匹配,镀锌圆钢 Φ≥10,镀锌圆钢 φ≥10,kg,kg,98,
Material,3320010,1020001,相似名称匹配,橡胶圈 D10,橡胶圈 De10,个,个,95,自动采用唯一高相似候选
Material,4020113,1273017,规范化名称匹配,尼龙砂轮片 Φ150×40×6,尼龙砂轮片 φ150×40×6,片,片,98,
Material,3360010,1223921,规范化名称匹配,聚氯乙烯软管 d5×1,聚氯乙烯软管 D5×1,m,m,98,
Material,3392042,1225049,规范化名称匹配,塑料异型管 Φ5,塑料异型管 φ5,m,m,98,
Material,3711014,1250741,相似名称匹配,铝电焊条 铝,铝电焊条,kg,kg,100,自动采用唯一高相似候选
Material,4835210,7057305,规范化名称匹配,镀锌拉板 扁钢4×40×200～350,镀锌拉板 扁钢4×40×(200～350),块,块,98,
Material,4837510,7051431,规范化名称匹配,台板(一) 钢板3×465×485,台板(一) 钢板 3×465×485,块,块,98,
Material,3617927,1062751,规范化名称匹配,镀锌普通螺钉（栓）,镀锌普通螺钉(栓),kg,kg,98,
Material,4832150,7056447,规范化名称匹配,太阳能电池板桁架立柱 Φ200×6000,太阳能电池板桁架立柱 φ200×6000,根,根,98,
Material,4832151,7056469,规范化名称匹配,太阳能电池板桁架立柱 Φ200×3000,太阳能电池板桁架立柱 φ200×3000,根,根,98,
Material,4832152,7056491,规范化名称匹配,太阳能电池板桁架立柱 Φ200×4000,太阳能电池板桁架立柱 φ200×4000,根,根,98,
Material,4832153,7056513,规范化名称匹配,太阳能电池板桁架立柱 Φ200×1000,太阳能电池板桁架立柱 φ200×1000,根,根,98,
Material,4142017,7038093,规范化名称匹配,三通接线盒 Φ20,三通接线盒 φ20,个,个,98,
Material,4142018,7038161,规范化名称匹配,三通接线盒 Φ25,三通接线盒 φ25,个,个,98,
Material,4142019,7038229,规范化名称匹配,四通接线盒 Φ20,四通接线盒 φ20,个,个,98,
Material,4142020,7038297,规范化名称匹配,四通接线盒 Φ25,四通接线盒 φ25,个,个,98,
Material,4141011,7050089,规范化名称匹配,钢管护口 D25～32,钢管护口 D=25～32,个,个,98,
Material,4141012,7050111,规范化名称匹配,钢管护口 D40～50,钢管护口 D=40～50,个,个,98,
Material,2260005,1221433,规范化名称匹配,电线管 DN32～50,电线管 DN=32～50,kg,kg,98,
Material,3392044,1225057,规范化名称匹配,塑料胀管 Φ6～8,塑料胀管 φ=6～8,个,个,98,
Material,4715016,7010932,相似名称匹配,铜芯塑料线 BV 500V 6mm2,铜芯塑料软线 BVR 500V 6mm2,m,m,96,自动采用唯一高相似候选
Material,4732523,7011388,规范化名称匹配,交联聚乙烯绝缘导线 WDZN-BYJ 450/750V  6mm2,交联聚乙烯绝缘导线 WDZN-BYJ 450/750V 6mm2,m,m,98,
Material,4120011,7050947,规范化名称匹配,圆木垫板 Φ150×12,圆木垫板 φ150×12,块,块,98,
Material,4221010,7022221,规范化名称匹配,节能灯泡  5W,节能灯泡 5W,个,个,98,
Material,4824210,7054445,相似名称匹配,横担 槽钢#18×2100,横担 槽钢18×2100,根,根,99,自动采用唯一高相似候选
Material,5800201,8020345,规范化名称匹配,铜(银合金)接触线,铜银合金接触线,kg,kg,98,
Material,3603026,1060051,相似名称匹配,化学锚栓 M10×85,化学锚栓带帽 M10×85,套,套,94,自动采用唯一高相似候选
Material,2240003,1220569,规范化名称匹配,镀锌焊接钢管  DN20×2.75,镀锌焊接钢管 DN20×2.75,m,m,98,
Material,4141010,7050067,规范化名称匹配,钢管护口 D15～20,钢管护口 D=15～20,个,个,98,
Material,4715015,7010913,相似名称匹配,铜芯塑料线 BV 500V 4mm2,铜芯塑料软线 BVR 500V 4mm2,m,m,96,自动采用唯一高相似候选
Material,2240007,1220585,规范化名称匹配,镀锌焊接钢管  DN32×3.25,镀锌焊接钢管 DN32×3.25,m,m,98,
Material,2240011,1220601,规范化名称匹配,镀锌焊接钢管  DN50×3.5,镀锌焊接钢管 DN50×3.5,m,m,98,
Material,4715019,7010951,相似名称匹配,铜芯塑料线 BV 500V 25mm2,铜芯塑料软线 BVR 500V 25mm2,m,m,96,自动采用唯一高相似候选
Material,3360012,1223937,规范化名称匹配,聚氯乙烯软管 d6×1,聚氯乙烯软管 D6×1,m,m,98,
Material,2240014,1220617,规范化名称匹配,镀锌焊接钢管  DN80×4,镀锌焊接钢管 DN80×4,m,m,98,
Material,3432017,1056697,相似名称匹配,标签纸(50页/本),标签纸 50页,本,本,97,自动采用唯一高相似候选
Material,2010003,1221369,规范化名称匹配,镀铬钢管 d10×1.5,镀铬钢管 D10×1.5,m,m,98,
Material,4113010,7051673,规范化名称匹配,塑料管卡 d15～20,塑料管卡 D=15～20,个,个,98,
Material,4114012,7051739,规范化名称匹配,线卡 d6,线卡 D6,个,个,98,
Material,1410007,1131297,规范化名称匹配,预应力混凝土电杆 Φ190×10000,预应力混凝土电杆 φ190×10000,根,根,98,
Material,1410009,1131513,规范化名称匹配,预应力混凝土电杆 Φ190×12000,预应力混凝土电杆 φ190×12000,根,根,98,
Material,1410012,1131837,规范化名称匹配,预应力混凝土电杆 Φ190×18000,预应力混凝土电杆 φ190×18000,根,根,98,
Material,4732013,7016328,相似名称匹配,铝芯绝缘架空电缆 10kV JKLYJ 95mm2,铝芯架空绝缘电缆 10kV JKLYJ 95mm2,m,m,93,自动采用唯一高相似候选
Material,1412002,1132269,相似名称匹配,钢筋混凝土等径电杆 Φ300×4500 下段,钢筋混凝土等径电杆 φ300×4500,根,根,100,自动采用唯一高相似候选
Material,1412003,1132377,规范化名称匹配,钢筋混凝土等径电杆 Φ300×6000 中段,钢筋混凝土等径电杆 φ300×6000 中段,根,根,98,
Material,2220035,1220441,规范化名称匹配,焊接钢管  DN150×4.5,焊接钢管 DN150×4.5,m,m,98,
Material,1810355,1201081,规范化名称匹配,石棉扭绳 Φ3～5,石棉扭绳 φ=3～5,kg,kg,98,
Material,6111033,8070841,相似名称匹配,操动机构支架 槽钢#10×390,操动机构支架 槽钢10×390,根,根,100,自动采用唯一高相似候选
Material,6111037,8070946,相似名称匹配,操动机构支架 槽钢#5×1320,操动机构支架 槽钢5×1320,根,根,100,自动采用唯一高相似候选
Material,6155113,8060649,规范化名称匹配,Ｕ形抱箍 Φ300,Ｕ形抱箍 φ300,套,套,98,
Material,6166032,8079311,规范化名称匹配,网栅立柱 Φ42×2.5×2000,网栅立柱 φ42×2.5×2000,根,根,98,
Material,6177004,8073816,相似名称匹配,连接槽钢 #10×89,连接槽钢 10×89,根,根,98,自动采用唯一高相似候选
Material,6177007,8073886,相似名称匹配,连接槽钢 #10×600,连接槽钢 10×600,根,根,98,自动采用唯一高相似候选
Material,6177044,8066001,规范化名称匹配,拉杆 Φ25×1900,拉杆 φ25×1900,根,根,98,
Material,6177045,8066009,规范化名称匹配,拉杆 Φ25×2000,拉杆 φ25×2000,根,根,98,
Material,6177049,8066041,规范化名称匹配,连杆 Φ40×1900,连杆 φ40×1900,根,根,98,
Material,6177554,8075006,规范化名称匹配,顶板钢板 5×Φ40,顶板钢板 5×φ40,块,块,98,
Material,6177575,8075601,规范化名称匹配,M形垫板 Φ300,M形垫板 φ300,块,块,98,
Material,6200241,1159339,相似名称匹配,环氧酚醛玻璃布板 5×1500×1000,环氧酚醛玻璃布板 1500×1000×5,张,张,92,自动采用唯一高相似候选
Machine,9101004,9101004,相似名称匹配,电动空气压缩机 ≤3m3/min,电动活塞式空气压缩机 ≤3m³/min,台班,台班,100,自动采用唯一高相似候选
Machine,9107561,9116151,规范化名称匹配,SF6气体回收净化充放装置5~7kW,SF6气体回收净化充放装置 5~7kW,台班,台班,98,
Material,3603023,1060351,相似名称匹配,化学锚栓 M16×190,化学锚栓带帽 M16×190,套,套,95,自动采用唯一高相似候选
Material,3355021,1032024,规范化名称匹配,塑料护口 Φ15,塑料护口 φ15,个,个,98,
Material,7317215,5037177,相似名称匹配,低烟无卤耐火屏蔽软线 WDN-RYYP 4芯2.0mm2,低烟无卤耐火屏蔽软线 WDZN-RYYP 4芯2.0mm2,m,m,100,自动采用唯一高相似候选
Material,3714018,1254811,规范化名称匹配,聚氯乙烯焊条 Φ1～5,聚氯乙烯焊条 φ=1～5,kg,kg,98,
Material,7510010,5050001,规范化名称匹配单位不同,光缆接头盒  ≤60芯,光缆接头盒 ≤60芯,套,个,98,
Material,7015017,5018171,相似名称匹配,低烟无卤阻燃尾纤 10m FC接头 9/125um,低烟无卤阻燃尾纤 10m FC接头 9/125μm,根,根,98,自动采用唯一高相似候选
Material,7015020,5018551,相似名称匹配,低烟无卤阻燃双芯跳纤 10m FC-FC 9/125um,低烟无卤阻燃双芯跳纤 10m FC-FC 9/125μm,根,根,99,自动采用唯一高相似候选
Machine,9109718,9120215,相似名称匹配,局域网电缆测试仪 六类,局域网电缆测试仪,台班,台班,100,自动采用唯一高相似候选
Material,3355023,1032143,规范化名称匹配,塑料护口 Φ50,塑料护口 φ50,个,个,98,
Material,7015016,5018076,相似名称匹配,低烟无卤阻燃尾纤 3m FC接头 9/125um,低烟无卤阻燃尾纤 3m FC接头 9/125μm,根,根,98,自动采用唯一高相似候选
Material,2150001,1011483,规范化名称匹配,低碳钢丝 Φ1～5,低碳钢丝 φ=1～5,kg,kg,98,
Material,2240005,1220577,规范化名称匹配,镀锌焊接钢管  DN25×3.25,镀锌焊接钢管 DN25×3.25,m,m,98,
Material,7912086,1302576,相似名称匹配,室内镀锌钢槽 宽+高=300 δ=1.5（带两块隔板）,室内镀锌钢槽 宽+高=300 δ=1.5,m,m,97,自动采用唯一高相似候选
Material,7912087,1302679,相似名称匹配,室内镀锌钢槽 宽+高=400 δ=1.5（带两块隔板）,室内镀锌钢槽 宽+高=400 δ=1.5,m,m,97,自动采用唯一高相似候选
Material,7912088,1302782,相似名称匹配,室内镀锌钢槽 宽+高=600 δ=2.0（带两块隔板）,室内镀锌钢槽 宽+高=600 δ=2.0,m,m,97,自动采用唯一高相似候选
Material,7912089,1302885,相似名称匹配,室内镀锌钢槽 宽+高=800 δ=2.0（带两块隔板）,室内镀锌钢槽 宽+高=800 δ=2.0,m,m,97,自动采用唯一高相似候选
Material,7015021,5018646,相似名称匹配,低烟无卤阻燃双芯跳纤 20m FC-FC 9/125um,低烟无卤阻燃双芯跳纤 20m FC-FC 9/125μm,根,根,99,自动采用唯一高相似候选
Material,8800070,1060151,相似名称匹配,化学锚栓含帽（M10×200～250）,化学锚栓带帽 M10×(200～250),套,套,97,自动采用唯一高相似候选
Material,2750028,1062051,相似名称匹配,高强度螺栓带帽 Φ22×100,高强螺栓带帽 M22×100,套,套,92,自动采用唯一高相似候选
Material,3603025,1060251,相似名称匹配,化学锚栓 M12×110,化学锚栓带帽 M12×110,套,套,95,自动采用唯一高相似候选
Material,7912077,5095645,相似名称匹配,有柱雨棚吊杆法兰(上),无柱雨棚吊杆法兰(上),套,套,92,自动采用唯一高相似候选
Material,7912078,5095977,相似名称匹配,有柱雨棚吊杆法兰(下),无柱雨棚吊杆法兰(下),套,套,92,自动采用唯一高相似候选
Material,3355024,1032262,规范化名称匹配,塑料护口 Φ100,塑料护口 φ100,个,个,98,
Material,8211039,6037561,规范化名称匹配,铝合金走线架 宽400mm,铝合金走线架 宽400,m,m,98,
Material,8810305,5041021,规范化名称匹配,镀锌视频钢杆 六棱　8m,镀锌视频钢杆 六棱 8m,根,根,98,
Material,2400214,1016839,规范化名称匹配,紫铜线 Φ3,紫铜线 φ3,kg,kg,98,
Material,2550529,4030815,相似名称匹配,1＃胶胶合板 δ=18,1号胶胶合板 δ=18,m2,m2,92,自动采用唯一高相似候选
Material,2547212,1012341,相似名称匹配单位不同,镀锌铁丝网,镀锌铁丝,m2,kg,97,自动采用唯一高相似候选
Material,1300062,1101101,规范化名称匹配,多孔砖  DM3  190×140×90,多孔砖 DM3 190×140×90,块,块,98,
Material,1300063,1101321,规范化名称匹配,多孔砖  DM4  190×90×90,多孔砖 DM4 190×90×90,块,块,98,
Material,1300085,1103521,规范化名称匹配,蒸压灰砂砖  240×115×53,蒸压灰砂砖 240×115×53,千块,千块,98,
Material,1300086,1103741,规范化名称匹配,蒸压粉煤灰砖  240×115×53,蒸压粉煤灰砖 240×115×53,千块,千块,98,
Material,1300061,1100881,规范化名称匹配,多孔砖  DM2  190×190×90,多孔砖 DM2 190×190×90,块,块,98,
Material,1300060,1100661,规范化名称匹配,多孔砖  DM1  190×240×90,多孔砖 DM1 190×240×90,块,块,98,
Material,1300076,1105281,规范化名称匹配,泡沫混凝土砌块  390×90×190,泡沫混凝土砌块 390×90×190,千块,千块,98,
Material,1300077,1105501,规范化名称匹配,泡沫混凝土砌块  190×90×190,泡沫混凝土砌块 190×90×190,千块,千块,98,
Material,1300078,1105721,规范化名称匹配,泡沫混凝土砌块  390×190×190,泡沫混凝土砌块 390×190×190,千块,千块,98,
Material,3120622,1176427,相似名称匹配,耐水腻子（粉）,耐水腻子,kg,kg,100,自动采用唯一高相似候选
Material,3120311,1185125,相似名称匹配,油性无光调和漆 红,油性无光调和漆,kg,kg,100,自动采用唯一高相似候选
Machine,9108601,9107601,相似名称匹配,除锈喷砂机 ≤3m3/min,除锈喷砂机 ≤3m³/min,台班,台班,95,自动采用唯一高相似候选
Material,2000026,1013459,规范化名称匹配,钢板 09Mn2δ=12～20,钢板 09Mn2 δ=12～20,kg,kg,98,
Material,1300419,1126139,规范化名称匹配,水泥铺地砖250×250×50,水泥铺地砖 250×250×50,千块,千块,98,
Material,1720001,1204861,相似名称匹配,膨胀珍珠岩、珠光砂、珠岩粉,膨胀珍珠岩（珠光砂、珠岩粉）,m3,m3,99,自动采用唯一高相似候选
Material,1710063,1211999,规范化名称匹配单位不同,耐根穿刺SBS防水卷材δ=4,耐根穿刺SBS防水卷材 δ=4,㎡,m2,98,
Material,1300266,1123169,规范化名称匹配,陶瓷地面砖300×300,陶瓷地面砖 300×300,m2,m2,98,
Material,3392065,1032619,相似名称匹配,聚氯乙烯薄膜 0.1～0.23,聚氯乙烯薄膜 δ=0.1～0.23,kg,kg,100,自动采用唯一高相似候选
Material,1300270,1123961,规范化名称匹配,陶瓷地面砖1000×1000,陶瓷地面砖 1000×1000,m2,m2,98,
Material,2547218,1012029,规范化名称匹配,钢丝网 Φ0.9～1×10,钢丝网 φ(0.9～1)×10,m2,m2,98,
Material,2220041,1220473,规范化名称匹配,焊接钢管  DN250×6.5,焊接钢管 DN250×6.5,m,m,98,
Material,4022011,1273953,相似名称匹配,金钢石 长方形 300×75×50,金刚石 长方形 300×75×50,块,块,96,自动采用唯一高相似候选
Material,2220025,1220401,规范化名称匹配,焊接钢管  DN40×3.5,焊接钢管 DN40×3.5,m,m,98,
Material,4020115,1273225,规范化名称匹配,砂轮片 Φ500×25×4,砂轮片 φ500×25×4,片,片,98,
Material,2220033,1220433,规范化名称匹配,焊接钢管  DN100×4,焊接钢管 DN100×4,m,m,98,
Material,2220038,1220457,规范化名称匹配,焊接钢管  DN200×6.5,焊接钢管 DN200×6.5,m,m,98,
Material,2220042,1220481,规范化名称匹配,焊接钢管  DN300×6.5,焊接钢管 DN300×6.5,m,m,98,
Material,2220028,1220409,规范化名称匹配,焊接钢管  DN50×3.5,焊接钢管 DN50×3.5,m,m,98,
Material,2031016,4035347,规范化名称匹配,不锈钢扶手Φ50,不锈钢扶手 φ50,m,m,98,
Material,1300215,1120991,规范化名称匹配,抛光地面砖  600×600,抛光地面砖 600×600,m2,m2,98,
Material,1300268,1123565,规范化名称匹配,陶瓷地面砖600×600,陶瓷地面砖 600×600,m2,m2,98,
Material,1250124,4035083,规范化名称匹配单位不同,大理石踢脚线  150,大理石踢脚线 150,m2,m,98,
Material,1250123,4035061,规范化名称匹配,花岗岩踢脚线  150,花岗岩踢脚线 150,m,m,98,
Material,2347050,1223249,规范化名称匹配,钢管弯头Φ50,钢管弯头 φ50,个,个,98,
Material,2547173,1222041,相似名称匹配,铝合金U型管80×13,铝合金U形管 80×13,m,m,94,自动采用唯一高相似候选
Material,2550823,1222049,规范化名称匹配,铝合金扁管100×44×1.8,铝合金扁管 100×44×1.8,m,m,98,
Material,3392063,1038688,规范化名称匹配,有机玻璃  δ=10,有机玻璃 δ=10,m2,m2,98,
Material,1110531,1141813,规范化名称匹配,硬木弯头60×65,硬木弯头 60×65,个,个,98,
Material,2550605,4033037,规范化名称匹配,T形龙骨挂件Φ3.5挂钩,T形龙骨挂件φ3.5挂钩,个,个,98,
Material,2550514,4030727,规范化名称匹配,PVC装饰板δ=1.25,PVC装饰板 δ=1.25,m2,m2,98,
Material,2410420,4031343,规范化名称匹配,铝合金装饰板  δ=1.2,铝合金装饰板 δ=1.2,m2,m2,98,
Material,2550636,4030397,规范化名称匹配,铝合金条板吊顶靠墙板MK1,铝合金条板吊顶靠墙板 MK1,m,m,98,
Material,2031014,1014655,规范化名称匹配,不锈钢卡口槽  10×3×1.2,不锈钢卡口槽 10×3×1.2,m,m,98,
Material,2550656,4015107,规范化名称匹配,不锈钢全玻地弹门（带玻璃）,不锈钢全玻地弹门 (带玻璃),m2,m2,98,
Material,1600824,1058185,规范化名称匹配,玻璃钢伸缩节 Φ110,玻璃钢伸缩节 φ110,个,个,98,
Material,1600859,1015175,规范化名称匹配,卡箍 Φ110,卡箍 φ110,套,套,98,
Material,2547024,4010001,相似名称匹配,塑钢单玻平开窗（带中空玻璃）,塑钢单玻平开窗 (带玻璃),m2,m2,94,自动采用唯一高相似候选
Material,3378015,1225553,规范化名称匹配,UPVC雨水管 Φ110,UPVC雨水管 φ110,m,m,98,
Material,3378017,1225569,规范化名称匹配,UPVC雨水斗 Φ110,UPVC雨水斗 φ110,个,个,98,
Material,3390142,4038515,规范化名称匹配,皮条  20×2,皮条 20×2,m,m,98,
Material,2368137,1017879,相似名称匹配,铸铁水斗 DN100以内,铸铁水斗 DN100,个,个,100,自动采用唯一高相似候选
Material,2550127,1014915,规范化名称匹配,支承杆 Φ25,支承杆 φ25,kg,kg,98,
Material,2550561,4033873,相似名称匹配,不锈钢框全钢化玻隔断,不锈钢框全钢化玻璃隔断,m2,m2,98,自动采用唯一高相似候选
Material,2410421,4037833,规范化名称匹配,铝板网  15×15×1,铝板网 15×15×1,m2,m2,98,
Material,2410435,4037987,规范化名称匹配,铝合金收口压条  20×1.2,铝合金收口压条 20×1.2,m,m,98,
Material,1600675,1154467,规范化名称匹配,热反射玻璃δ=6,热反射玻璃 δ=6,m2,m2,98,
Material,2368749,1136157,规范化名称匹配,预制盖板δ=25,预制盖板 δ=25,m2,m2,98,
Material,2368752,1208506,规范化名称匹配,防火隔板δ=10,防火隔板 δ=10,m2,m2,98,
Material,2410437,4031453,规范化名称匹配,电化铝装饰板  100×0.8,电化铝装饰板 100×0.8,m2,m2,98,
Material,2410438,4038009,规范化名称匹配,电化角铝  25.4×2,电化角铝 25.4×2,m,m,98,
Material,2550421,1225409,规范化名称匹配,井点总管 Φ159,井点总管 φ159,m,m,98,
Material,2550428,1227345,规范化名称匹配,大口径井点吸水器（25m）,大口径井点吸水器 25m,套,套,98,
Material,2550429,1225505,规范化名称匹配,大口径井点井管 Φ400,大口径井点井管 φ400,m,m,98,
Material,4020015,1270001,规范化名称匹配,合金钻头 Φ43,合金钻头 φ43,个,个,98,
Machine,9104321,9104231,相似名称匹配,灰浆输送泵 ≤3m3/h,灰浆输送泵 ≤3m³/h,台班,台班,96,自动采用唯一高相似候选
Material,2550164,4034511,规范化名称匹配,PVC扣板  δ=2,PVC扣板 δ=2,m2,m2,98,
Material,2410436,1017567,规范化名称匹配,槽形铝合金  20×10×1.2,槽形铝合金 20×10×1.2,m,m,98,
Material,2411310,4038053,相似名称匹配,铝合金角铝 10×10 白色,铝合金角铝 10×10,m,m,100,自动采用唯一高相似候选
Material,3378021,1225585,规范化名称匹配,UPVC落水口 Φ110,UPVC落水口 φ110,套,套,98,
Material,2547012,4015181,规范化名称匹配,塑钢单玻平开门(带玻璃),塑钢单玻平开门 (带玻璃),m2,m2,98,
Material,2410422,4031365,规范化名称匹配,铝合金板  δ=0.8,铝合金板 δ=0.8,m2,m2,98,
Material,1280056,1173843,规范化名称匹配,结构硅酮密封胶350g,结构硅酮密封胶 350g,支,支,98,
Material,4020114,1273121,规范化名称匹配,砂轮片 Φ200,砂轮片 φ200,片,片,98,
Material,2715201,3046605,相似名称匹配,绝缘轨距块 1-10mm,绝缘轨距块 1～10,块,块,92,自动采用唯一高相似候选
Material,2766030,3043381,相似名称匹配,轨下调高垫板 1-15mm,轨下调高垫板 1～15,块,块,93,自动采用唯一高相似候选
Material,2741114,3031601,相似名称匹配,预应力混凝土枕 Ⅲ型A  专线3393,预应力混凝土枕 C-Ⅲ型A 专线3393,根,根,97,自动采用唯一高相似候选
Material,2741115,3031761,相似名称匹配,预应力混凝土枕 Ⅲ型B  专线3394,预应力混凝土枕 C-Ⅲ型B 专线3394,根,根,97,自动采用唯一高相似候选
Material,2741205,3032241,相似名称匹配,预应力混凝土桥枕 Ⅲ型qa  新Ⅲ 专线3448,预应力混凝土桥枕 Ⅲ型qa 专线3448,根,根,98,自动采用唯一高相似候选
Material,2741206,3032401,相似名称匹配,预应力混凝土桥枕 Ⅲqc 专线3452,预应力混凝土桥枕 Ⅲ型qc 专线3452,根,根,100,自动采用唯一高相似候选
Material,2710019,3042601,规范化名称匹配,接头夹板75kg,接头夹板 75kg,块,块,98,
Material,2715112,3041041,规范化名称匹配,绝缘轨距杆 Φ36,绝缘轨距杆 φ36,根,根,98,
Material,2741112,3031441,规范化名称匹配,预应力混凝土枕 新Ⅱ型  研线0322,预应力混凝土枕 新Ⅱ型 研线0322,根,根,98,
Material,2750025,3042029,相似名称匹配,轨卡螺栓带帽 50kg 60kg,轨卡螺栓带帽 50、60kg,套,套,92,自动采用唯一高相似候选
Material,2741400,3032881,相似名称匹配,混凝土岔枕 50kg9号单开,混凝土岔枕 50kg 9号 单开道岔,组,组,100,自动采用唯一高相似候选
Material,2720220,3020391,规范化名称匹配,单开道岔 50kg 12号 (混凝土枕) 专线4257,单开道岔 50kg 12号 混凝土枕 专线4257,组,组,98,
Material,2741401,3033041,相似名称匹配,混凝土岔枕 50kg12号单开,混凝土岔枕 50kg 12号 单开道岔,组,组,100,自动采用唯一高相似候选
Material,2720225,3020781,规范化名称匹配,单开道岔 60kg 9号(混凝土枕) CZ577,单开道岔 60kg 9号 混凝土枕 CZ577,组,组,98,
Material,2741403,3033361,相似名称匹配,混凝土岔枕 60kg9号 单开,混凝土岔枕 60kg 9号 单开道岔,组,组,100,自动采用唯一高相似候选
Material,2720517,3022861,规范化名称匹配,单开道岔 60kg18号 有砟 GLC(07)03,单开道岔 60kg 18号 有砟 GLC(07)03,组,组,98,
Material,2741404,3033681,规范化名称匹配,混凝土岔枕 60kg18号单开道岔,混凝土岔枕 60kg 18号 单开道岔,组,组,98,
Material,2720526,3024681,规范化名称匹配,单开道岔 75kg12号 SC559,单开道岔 75kg 12号 SC559,组,组,98,
Material,2741406,3034161,相似名称匹配,混凝土岔枕 75kg12号单开,混凝土岔枕 75kg 12号 单开道岔,组,组,100,自动采用唯一高相似候选
Material,2720511,3021171,规范化名称匹配,单开道岔 60kg12号 有砟 GLC(08)01,单开道岔 60kg 12号 有砟 GLC(08)01,组,组,98,
Material,2741544,3038321,规范化名称匹配,混凝土岔枕 60kg12号,混凝土岔枕 60kg 12号,组,组,98,
Material,2720514,3022341,规范化名称匹配,单开道岔 60kg18号 有砟 客专线（07）004,单开道岔 60kg 18号 有砟 客专线（07）004,组,组,98,
Material,2741545,3038481,规范化名称匹配,混凝土岔枕 60kg18号 客专线（07）005,混凝土岔枕 60kg 18号 客专线（07）005,组,组,98,
Material,2715110,3040937,规范化名称匹配,绝缘轨距杆 Φ32,绝缘轨距杆 φ32,根,根,98,
Material,2720507,3022211,规范化名称匹配,单开道岔 60kg18号 混凝土岔枕 无砟 客专线（07）009,单开道岔 60kg 18号 混凝土岔枕 无砟 客专线（07）009,组,组,98,
Material,2720508,3024031,规范化名称匹配,单开道岔 60kg42号 混凝土岔枕 无砟 客专线（07）006,单开道岔 60kg 42号 混凝土岔枕 无砟 客专线（07）006,组,组,98,
Material,2741417,3034001,规范化名称匹配,混凝土岔枕 60kg42号单开道岔,混凝土岔枕 60kg 42号 单开道岔,组,组,98,
Material,2721014,3025331,规范化名称匹配,对称道岔 50kg 6号  混凝土枕 SC384,对称道岔 50kg 6号 混凝土枕 SC384,组,组,98,
Material,2741701,3038961,规范化名称匹配,混凝土岔枕 50kg6号对称道岔,混凝土岔枕 50kg 6号 对称道岔,组,组,98,
Material,2721015,3025461,规范化名称匹配,对称道岔 50kg 6.5号  混凝土枕 SC385,对称道岔 50kg 6.5号 混凝土枕 SC385,组,组,98,
Material,2741702,3039121,规范化名称匹配,混凝土岔枕 50kg6.5号对称道岔,混凝土岔枕 50kg 6.5号 对称道岔,组,组,98,
Material,2721016,3025591,规范化名称匹配,对称道岔 60kg 6号  混凝土枕 SC382,对称道岔 60kg 6号 混凝土枕 SC382,组,组,98,
Material,2741703,3039281,规范化名称匹配,混凝土岔枕 60kg6号对称道岔,混凝土岔枕 60kg 6号 对称道岔,组,组,98,
Material,2721017,3025721,规范化名称匹配,对称道岔 60kg 6.5号  混凝土枕 SC383,对称道岔 60kg 6.5号 混凝土枕 SC383,组,组,98,
Material,2741704,3039441,规范化名称匹配,混凝土岔枕 60kg6.5号对称道岔,混凝土岔枕 60kg 6.5号 对称道岔,组,组,98,
Material,2724012,3028841,规范化名称匹配,菱形交叉50kg4.5号,菱形交叉 50kg 4.5号,组,组,98,
Material,2724013,3029101,规范化名称匹配,菱形交叉50kg6号,菱形交叉 50kg 6号,组,组,98,
Material,2724015,3028971,规范化名称匹配,菱形交叉60kg4.5号,菱形交叉 60kg 4.5号,组,组,98,
Material,2724014,3029231,规范化名称匹配,菱形交叉60kg6号,菱形交叉 60kg 6号,组,组,98,
Material,2722022,3025851,规范化名称匹配,复式交分道岔 50kg 9号  混凝土枕 CZ2214,复式交分道岔 50kg 9号 混凝土枕 CZ2214,组,组,98,
Material,2741450,3034481,规范化名称匹配,混凝土岔枕 50kg9号复式交分道岔,混凝土岔枕 50kg 9号 复式交分道岔,组,组,98,
Material,2722023,3025981,规范化名称匹配,复式交分道岔 50kg 12号  混凝土枕 CZ2220,复式交分道岔 50kg 12号 混凝土枕 CZ2220,组,组,98,
Material,2741451,3034641,规范化名称匹配,混凝土岔枕 50kg12号复式交分道岔,混凝土岔枕 50kg 12号 复式交分道岔,组,组,98,
Material,2722024,3026111,规范化名称匹配,复式交分道岔 60kg 9号  混凝土枕 CZ2504,复式交分道岔 60kg 9号 混凝土枕 CZ2504,组,组,98,
Material,2741452,3034801,规范化名称匹配,混凝土岔枕 60kg9号复式交分道岔,混凝土岔枕 60kg 9号 复式交分道岔,组,组,98,
Material,2722026,3026371,规范化名称匹配,复式交分道岔 60kg 12号  混凝土枕 SC350,复式交分道岔 60kg 12号 混凝土枕 SC350,组,组,98,
Material,2741453,3034961,规范化名称匹配,混凝土岔枕 60kg12号复式交分道岔,混凝土岔枕 60kg 12号 复式交分道岔,组,组,98,
Material,2723054,3026501,相似名称匹配,交叉渡线 50kg 9号92改进型5.0m间距 CZ2210,交叉渡线 50kg 9号 92改进型 间距5.0m CZ2210,组,组,96,自动采用唯一高相似候选
Material,2723055,3026631,相似名称匹配,交叉渡线 50kg 9号92改进型5.3m间距 CZ2211,交叉渡线 50kg 9号 92改进型 间距5.3m CZ2211,组,组,96,自动采用唯一高相似候选
Material,2723059,3027151,规范化名称匹配,交叉渡线 50kg 12号 间距5.3m（混凝土岔枕）专线（02）7660,交叉渡线 50kg 12号 间距5.3m (混凝土岔枕) 专线（02）7660,组,组,98,
Material,2723056,3026761,相似名称匹配,交叉渡线 50kg 9号92改进型5.5m间距 CZ2212,交叉渡线 50kg 9号 92改进型 间距5.5m CZ2212,组,组,96,自动采用唯一高相似候选
Material,2723060,3027281,规范化名称匹配,交叉渡线 50kg 12号 间距5.5m（混凝土岔枕）专线（02）7661,交叉渡线 50kg 12号 间距5.5m (混凝土岔枕) 专线（02）7661,组,组,98,
Material,2723057,3026891,规范化名称匹配,交叉渡线 50kg 9号 间距6.5m（混凝土岔枕）CZ2213,交叉渡线 50kg 9号 间距6.5m (混凝土岔枕) CZ2213,组,组,98,
Material,2723061,3027411,规范化名称匹配,交叉渡线 50kg 12号 间距6.5m 混凝土岔枕）专线（02）7662,交叉渡线 50kg 12号 间距6.5m (混凝土岔枕) 专线（02）7662,组,组,98,
Material,2723062,3027541,规范化名称匹配,交叉渡线 60kg 9号 92 改进型间距5m （混凝土岔枕）CZ580,交叉渡线 60kg 9号 92改进型 间距5m (混凝土岔枕) CZ580,组,组,98,
Material,2741518,3036401,相似名称匹配,混凝土岔枕 交叉渡线 60-9-5m,混凝土岔枕 交叉渡线 60kg-9-5m,组,组,97,自动采用唯一高相似候选
Material,2723066,3028061,规范化名称匹配,交叉渡线 60kg 12号 间距5m （混凝土岔枕）SC340,交叉渡线 60kg 12号 间距5m (混凝土岔枕) SC340,组,组,98,
Material,2723063,3027671,规范化名称匹配,交叉渡线 60kg 9号 92 改进型间距5.3m （混凝土岔枕）CZ581,交叉渡线 60kg 9号 92改进型 间距5.3m (混凝土岔枕) CZ581,组,组,98,
Material,2741519,3036561,相似名称匹配,混凝土岔枕 交叉渡线 60-9-5.3m,混凝土岔枕 交叉渡线 60kg-9-5.3m,组,组,98,自动采用唯一高相似候选
Material,2723067,3028191,规范化名称匹配,交叉渡线 60kg 12号 间距5.3m （混凝土岔枕）SC341,交叉渡线 60kg 12号 间距5.3m (混凝土岔枕) SC341,组,组,98,
Material,2723064,3027801,规范化名称匹配,交叉渡线 60kg 9号 92 改进型间距5.5m （混凝土岔枕）CZ582,交叉渡线 60kg 9号 92改进型 间距5.5m (混凝土岔枕) CZ582,组,组,98,
Material,2741520,3036721,相似名称匹配,混凝土岔枕 交叉渡线 60-9-5.5m,混凝土岔枕 交叉渡线 60kg-9-5.5m,组,组,98,自动采用唯一高相似候选
Material,2723068,3028321,规范化名称匹配,交叉渡线 60kg 12号 间距5.5m （混凝土岔枕）SC342,交叉渡线 60kg 12号 间距5.5m (混凝土岔枕) SC342,组,组,98,
Material,2723065,3027931,规范化名称匹配,交叉渡线 60kg 9号 92 改进型间距6.5m （混凝土岔枕）CZ583,交叉渡线 60kg 9号 92改进型 间距6.5m (混凝土岔枕) CZ583,组,组,98,
Material,2741521,3036881,相似名称匹配,混凝土岔枕 交叉渡线 60-9-6.5m,混凝土岔枕 交叉渡线 60kg-9-6.5m,组,组,98,自动采用唯一高相似候选
Material,2723069,3028451,规范化名称匹配,交叉渡线 60kg 12号 间距6.5m （混凝土岔枕）SC343,交叉渡线 60kg 12号 间距6.5m (混凝土岔枕) SC343,组,组,98,
Material,2726206,3029751,规范化名称匹配,提速交叉渡线 60kg 12号 间距 6.5m (混凝土枕) AT 专线 7636～7638,提速交叉渡线 60kg 12号 间距6.5m (混凝土枕) AT 专线 7636～7638,组,组,98,
Material,1260050,3048477,规范化名称匹配,水泥沥青砂浆注入袋(5.0m×2.4m),水泥沥青砂浆注入袋 5.0m×2.4m,个,个,98,
Material,1900021,1010599,规范化名称匹配,环氧树脂涂层钢筋Φ＞10,环氧树脂涂层钢筋 φ＞10,kg,kg,98,
Material,2348118,1066501,规范化名称匹配,起吊螺母Q235,起吊螺母 Q235,个,个,98,
Material,2766565,3048737,相似名称匹配,热挤塑成型无粘结PC钢棒（含锚垫板和螺母）,热挤塑成型无粘结PC钢棒（含锚垫板）,kg,kg,100,自动采用唯一高相似候选
Material,1110532,3041301,相似名称匹配,CRTSⅡ型轨道板专用垫木（200×200）,CRTSⅡ型轨道板专用垫木 200×200×200,块,块,100,自动采用唯一高相似候选
Material,1910104,1010313,规范化名称匹配,带肋钢筋(HRB500) Φ＜18，≥28,带肋钢筋 HRB500 φ＜18，≥28,kg,kg,98,
Material,1910106,1010703,规范化名称匹配,精轧螺纹钢筋(BST500S)Φ＞18,精轧螺纹钢筋 BST500S φ＞18,kg,kg,98,
Material,2713253,1206616,相似名称匹配,硬质泡沫塑料板 10,硬质泡沫塑料板 δ=10,m2,m2,98,自动采用唯一高相似候选
Material,3360040,1221905,相似名称匹配,热收缩软管Φ25×1,热收缩软管 D25×1,m,m,93,自动采用唯一高相似候选
Material,1910109,1010729,规范化名称匹配,预应力螺旋肋钢筋Φ≥10,预应力螺旋肋钢筋 φ≥10,kg,kg,98,
Material,2766031,3043433,相似名称匹配,轨道板锚固板,轨道板锚固垫板,个,个,95,自动采用唯一高相似候选
Machine,9107615,9114213,相似名称匹配,Ⅰ型双块式轨枕混凝土浇筑生产线,双块式轨枕混凝土浇筑生产线,台班,台班,100,自动采用唯一高相似候选
Material,8751025,6035473,规范化名称匹配,镀锌螺栓带帽及防松装置（M16×260）,镀锌螺栓带帽及防松装置 M16×260,套,套,98,
Material,2713252,1206751,相似名称匹配,硬质泡沫塑料板 20,硬质泡沫塑料板 δ=20,m2,m2,98,自动采用唯一高相似候选
Material,2713256,3042913,规范化名称匹配,硫化橡胶垫板650×11×100,硫化橡胶垫板 650×11×100,个,个,98,
Machine,9100442,9100333,相似名称匹配,稳定土拌合站 ≤300t/h,稳定土拌和站 ≤300t/h,台班,台班,95,自动采用唯一高相似候选
Machine,9100505,9100405,相似名称匹配,轮胎式装载机 ≤3m3,轮胎式装载机 ≤3m³,台班,台班,96,自动采用唯一高相似候选
Material,2766576,3047957,规范化名称匹配,路基接地不锈钢连接线1m,路基接地不锈钢连接线 1m,条,条,98,
Material,2220023,1220393,规范化名称匹配,焊接钢管  DN32×3.25,焊接钢管 DN32×3.25,m,m,98,
Material,2715010,3040729,规范化名称匹配,普通轨距杆 Φ32,普通轨距杆 φ32,根,根,98,
Material,5200832,8045396,规范化名称匹配,Φ350圆柱底板 DP6,φ350圆柱底板 DP6,块,块,98,
Material,5200819,8045266,规范化名称匹配,Φ350圆柱卡盘 KP16,φ350圆柱卡盘 KP16,块,块,98,
Material,5200820,8045331,规范化名称匹配,Φ350圆柱卡盘 KP18,φ350圆柱卡盘 KP18,块,块,98,
Material,6177081,8066049,规范化名称匹配,拉线拉杆 Φ18×650,拉线拉杆 φ18×650,根,根,98,
Material,6177082,8066057,规范化名称匹配,拉线拉杆 Φ18×1050,拉线拉杆 φ18×1050,根,根,98,
Material,6177086,8066089,规范化名称匹配单位不同,锚板拉杆 Φ25×3640,锚板拉杆 φ25×3640,套,根,98,
Material,6177083,8066065,规范化名称匹配单位不同,Ｕ形拉环 Φ30×670,Ｕ形拉环 φ30×670,套,根,98,
Material,6177084,8066073,规范化名称匹配,拉线拉杆 Φ22×750,拉线拉杆 φ22×750,根,根,98,
Material,6177085,8066081,规范化名称匹配,拉线拉杆 Φ22×1150,拉线拉杆 φ22×1150,根,根,98,
Material,6177087,8066097,规范化名称匹配单位不同,拉线棒 Φ28×3640,拉线棒 φ28×3640,套,件,98,
Material,5200817,8045136,规范化名称匹配,Φ350圆柱卡盘 KP12,φ350圆柱卡盘 KP12,块,块,98,
Material,3603011,1060751,相似名称匹配,化学锚栓 M30×910,化学锚栓带帽 M30×910,套,套,95,自动采用唯一高相似候选
Material,5911001,8065113,相似名称匹配单位不同,接触线电联接线夹 JX、JT,接触线电连接线夹 JX、JT,套,件,92,自动采用唯一高相似候选
Material,5905034,8065049,相似名称匹配单位不同,双耳楔型接触线终端锚固线夹 150,双耳楔形接触线终端锚固线夹 150,套,件,94,自动采用唯一高相似候选
Material,5905043,8065065,相似名称匹配单位不同,双耳楔型承力索终端锚固线夹 120～150,双耳楔形承力索终端锚固线夹 120～150,套,件,95,自动采用唯一高相似候选
Material,5905031,8065041,相似名称匹配单位不同,双耳楔型接触线终端锚固线夹 85～120,双耳楔形接触线终端锚固线夹 85～120,套,件,95,自动采用唯一高相似候选
Material,5905041,8065057,相似名称匹配单位不同,双耳楔型承力索终端锚固线夹 70～95,双耳楔形承力索终端锚固线夹 70～95,套,件,94,自动采用唯一高相似候选
Material,3603021,1060551,相似名称匹配,化学锚栓 M20×250,化学锚栓带帽 M20×250,套,套,95,自动采用唯一高相似候选
Material,3603015,1061001,相似名称匹配,不锈钢化学锚栓 M20×250,不锈钢化学锚栓带帽 M20×250,套,套,96,自动采用唯一高相似候选
Material,2150006,1011639,规范化名称匹配,不锈钢软态钢丝 Φ3.5,不锈钢软态钢丝 φ3.5,kg,kg,98,
Material,4311012,7027201,规范化名称匹配,铜钳压管JY-T70 mm2,铜钳压管 JY-T70mm2,根,根,98,
Material,5100246,8065665,规范化名称匹配单位不同,锚板拉杆 Φ25×4050 双环 电化1600-09,锚板拉杆 φ25×4050 双环 电化1600-09,套,个,98,
Material,5912032,8064713,规范化名称匹配单位不同,双环杆 Φ16-770,双环杆 φ16-770,套,件,98,
Material,5917039,8061985,规范化名称匹配单位不同,杵环杆 Φ20-1530,杵环杆 φ20-1530,套,件,98,
Material,5917032,8061937,规范化名称匹配单位不同,杵环杆 Φ16-1130,杵环杆 φ16-1130,套,件,98,
Material,5912030,8064697,规范化名称匹配单位不同,双环杆 Φ16-250,双环杆 φ16-250,套,件,98,
Material,5917036,8061969,规范化名称匹配单位不同,杵环杆 Φ16-2930,杵环杆 φ16-2930,套,件,98,
Material,5917035,8061961,规范化名称匹配单位不同,杵环杆 Φ16-2530,杵环杆 φ16-2530,套,件,98,
Material,5917033,8061945,规范化名称匹配单位不同,杵环杆 Φ16-1530,杵环杆 φ16-1530,套,件,98,
Material,5917031,8061929,规范化名称匹配单位不同,杵环杆 Φ16-175,杵环杆 φ16-175,套,件,98,
Material,5917034,8061953,规范化名称匹配单位不同,杵环杆 Φ16-2030,杵环杆 φ16-2030,套,件,98,
Material,2220030,1220417,规范化名称匹配,焊接钢管  DN65×3.75,焊接钢管 DN65×3.75,m,m,98,
Material,5500121,8061065,相似名称匹配,单肩槽钢肩架 #6.3×2686 600S GDL1,单肩槽钢肩架 6.3×2686 600S GDL1,件,件,100,自动采用唯一高相似候选
Material,5500129,8061073,相似名称匹配,双肩槽钢肩架 #6.3×4505 550S GDL2,双肩槽钢肩架 6.3×4505 550S GDL2,件,件,100,自动采用唯一高相似候选
Material,5500391,8061041,规范化名称匹配,单肩角钢肩架  Y或Z 250B GDL18,单肩角钢肩架 Y或Z 250B GDL18,件,件,98,
Material,5500392,8061049,规范化名称匹配,单肩角钢肩架  Y或Z 500B GDL18,单肩角钢肩架 Y或Z 500B GDL18,件,件,98,
Material,8751084,6039469,规范化名称匹配,固定卡具   各型,固定卡具 各型,个,个,98,
Material,8800071,1060201,相似名称匹配,化学锚栓含帽（M12×100）,化学锚栓带帽 M12×100,套,套,95,自动采用唯一高相似候选
Material,3352014,1225009,规范化名称匹配,聚氯乙烯硬管 重型 D100～110×5.5,聚氯乙烯硬管 重型 D（100～110）×5.5,m,m,98,
Material,3603024,1060301,相似名称匹配,化学锚栓 M14×150,化学锚栓带帽 M14×150,套,套,95,自动采用唯一高相似候选
Material,8800066,1067001,规范化名称匹配单位不同,防松螺母M12,防松螺母 M12,套,个,98,
Material,5912034,8064729,规范化名称匹配单位不同,双环杆 Φ16-1500,双环杆 φ16-1500,套,件,98,
Material,5427831,8068569,相似名称匹配单位不同,“机车合”、“动车合”标志牌 夜间反光,“机车合”“动车合”标志牌 夜间反光,套,件,97,自动采用唯一高相似候选
Material,6177481,8074761,规范化名称匹配,隔离开关操作杆 Φ32,隔离开关操作杆 φ32,m,m,98,
Material,6155112,8060657,规范化名称匹配,拉线抱箍 Φ400,拉线抱箍 φ400,套,套,98,
Material,1810356,1201216,规范化名称匹配,石棉扭绳 Φ6～10,石棉扭绳 φ=6～10,kg,kg,98,
Material,3360024,1224025,规范化名称匹配,聚氯乙烯软管 d50×5,聚氯乙烯软管 D50×5,m,m,98,
Material,6111038,8070981,相似名称匹配,操动机构支架 槽钢#12.6×400,操动机构支架 槽钢12.6×400,根,根,100,自动采用唯一高相似候选
Material,6177003,8073781,相似名称匹配,连接槽钢 #10×45,连接槽钢 10×45,根,根,98,自动采用唯一高相似候选
Material,6144233,8073151,相似名称匹配,底座 槽钢#5×2130,底座 槽钢5×2130,根,根,98,自动采用唯一高相似候选
Material,6144236,8073256,相似名称匹配,底座 槽钢#8×220,底座 槽钢8×220,根,根,98,自动采用唯一高相似候选
Material,6144238,8073326,相似名称匹配,底座 槽钢#12.6×2200,底座 槽钢12.6×2200,根,根,99,自动采用唯一高相似候选
Material,6111039,8071016,相似名称匹配,操动机构支架 槽钢#12.6×410,操动机构支架 槽钢12.6×410,根,根,100,自动采用唯一高相似候选
Material,6177009,8073956,相似名称匹配,连接槽钢 #10×654,连接槽钢 10×654,根,根,98,自动采用唯一高相似候选
Material,6177047,8066025,规范化名称匹配,连杆 Φ40×1600,连杆 φ40×1600,根,根,98,
Material,6111040,8071051,相似名称匹配,操动机构支架 槽钢#12.6×1515,操动机构支架 槽钢12.6×1515,根,根,100,自动采用唯一高相似候选
Material,6177001,8073746,相似名称匹配,连接槽钢 #12.6×220,连接槽钢 12.6×220,根,根,99,自动采用唯一高相似候选
Material,6177042,8065985,规范化名称匹配,拉杆 Φ25×1200,拉杆 φ25×1200,根,根,98,
Material,6177048,8066033,规范化名称匹配,连杆 Φ40×1640,连杆 φ40×1640,根,根,98,
Material,6177010,8073991,相似名称匹配,连接槽钢 #10×716,连接槽钢 10×716,根,根,98,自动采用唯一高相似候选
Material,6177043,8065993,规范化名称匹配,拉杆 Φ25×1700,拉杆 φ25×1700,根,根,98,
Material,6111036,8070911,相似名称匹配,操动机构支架 槽钢#5×455,操动机构支架 槽钢5×455,根,根,99,自动采用唯一高相似候选
Material,6111053,8070491,规范化名称匹配单位不同,220kV 双极隔离开关支架,220kV双极隔离开关支架,套,台,98,
Material,6111052,8070456,规范化名称匹配单位不同,220kV 三极隔离开关支架,220kV三极隔离开关支架,套,台,98,
Material,6111057,8070561,规范化名称匹配,330kV 单极隔离开关支架,330kV单极隔离开关支架,台,台,98,
Material,6144235,8073221,相似名称匹配,底座 槽钢#6.3×450,底座 槽钢6.3×450,根,根,99,自动采用唯一高相似候选
Material,6144234,8073186,相似名称匹配,底座 槽钢#6.3×370,底座 槽钢6.3×370,根,根,99,自动采用唯一高相似候选
Material,6177251,8074201,规范化名称匹配,铰链套(Ⅰ) Φ12×30,铰链套(Ⅰ) φ12×30,个,个,98,
Material,6177391,8074726,规范化名称匹配,辅助开关连杆 Φ6×320,辅助开关连杆 φ6×320,根,根,98,
Material,6177441,8076651,规范化名称匹配,延长轴 Φ30×900,延长轴 φ30×900,根,根,98,
Material,6144241,6065783,相似名称匹配,抗雷圈底座 槽钢#10×140,抗雷圈底座 槽钢10×140,根,根,99,自动采用唯一高相似候选
Material,4812012,7045401,规范化名称匹配,直瓷管 Φ15×305,直瓷管 φ15×305,个,个,98,
Material,3378027,1227241,规范化名称匹配,PVC三通管 Φ180,PVC三通管 φ180,个,个,98,
Material,3378028,1227193,规范化名称匹配,PVC弯管 Φ180,PVC弯管 φ180,个,个,98,
Material,4732681,7012300,相似名称匹配,电力电缆 WDZ-YJY23 0.6/1kV  5×6mm2,低烟无卤阻燃电力电缆 WDZ-YJY23 0.6/1kV 5×6mm2,m,m,100,自动采用唯一高相似候选
Material,4732682,7012319,相似名称匹配,电力电缆 WDZ-YJY23 0.6/1kV  5×10mm2,低烟无卤阻燃电力电缆 WDZ-YJY23 0.6/1kV 5×10mm2,m,m,100,自动采用唯一高相似候选
Material,4732683,7012338,相似名称匹配,电力电缆 WDZ-YJY23 0.6/1kV  5×16mm2,低烟无卤阻燃电力电缆 WDZ-YJY23 0.6/1kV 5×16mm2,m,m,100,自动采用唯一高相似候选
Material,4732684,7012357,相似名称匹配,电力电缆 WDZ-YJY23 0.6/1kV  5×25mm2,低烟无卤阻燃电力电缆 WDZ-YJY23 0.6/1kV 5×25mm2,m,m,100,自动采用唯一高相似候选
Material,5200697,8043121,规范化名称匹配,环形等径预应力混凝土接触网支柱 Φ350 100/11+3,环形等径预应力混凝土接触网支柱 φ350 100/11+3,根,根,98,
Material,1412008,1133133,规范化名称匹配,钢筋混凝土等径电杆 Φ400×6000 下段,钢筋混凝土等径电杆 φ400×6000 下段,根,根,98,
Material,1412006,1132809,规范化名称匹配,钢筋混凝土等径电杆 Φ300×9000,钢筋混凝土等径电杆 φ300×9000,根,根,98,
Material,1410010,1131621,规范化名称匹配,预应力混凝土电杆 Φ190×13000,预应力混凝土电杆 φ190×13000,根,根,98,
Material,1820704,1201621,规范化名称匹配,橡胶石棉盘根 Φ6～10,橡胶石棉盘根 φ=6～10,kg,kg,98,
Material,2368126,1310701,相似名称匹配,人孔盖 常压 DN600,人孔盖 DN600,个,个,92,自动采用唯一高相似候选
Material,2220017,1220361,规范化名称匹配,焊接钢管  DN10×2.25,焊接钢管 DN10×2.25,m,m,98,
Material,2220032,1220425,规范化名称匹配,焊接钢管  DN80×4,焊接钢管 DN80×4,m,m,98,
Material,3360023,1224017,规范化名称匹配,聚氯乙烯软管 d32×3.5,聚氯乙烯软管 D32×3.5,m,m,98,
Material,2220019,1220377,规范化名称匹配,焊接钢管  DN20×2.75,焊接钢管 DN20×2.75,m,m,98,
Material,2220037,1220449,规范化名称匹配,焊接钢管  DN125×4.5,焊接钢管 DN125×4.5,m,m,98,
Material,2220021,1220385,规范化名称匹配,焊接钢管  DN25×3.25,焊接钢管 DN25×3.25,m,m,98,
Material,2220018,1220369,规范化名称匹配,焊接钢管  DN15×2.75,焊接钢管 DN15×2.75,m,m,98,
Material,8221040,6037165,相似名称匹配,室外箱盒端子配线名牌,室外箱盒端子配线铭牌,个,个,93,自动采用唯一高相似候选
Material,2240001,1220561,规范化名称匹配,镀锌焊接钢管  DN15×2.75,镀锌焊接钢管 DN15×2.75,m,m,98,
Machine,9109331,9120121,相似名称匹配,逻辑分析仪 100MHz.80通道,"逻辑分析仪 100MHz,80通道",台班,台班,100,自动采用唯一高相似候选
Material,4020112,1272913,规范化名称匹配,尼龙砂轮片 Φ100×16×3,尼龙砂轮片 φ100×16×3,片,片,98,
Material,3373505,1227393,规范化名称匹配,聚乙烯电熔套筒    de50,聚乙烯电熔套筒 De50,个,个,98,
Material,3373551,1227417,规范化名称匹配,聚乙烯电熔套筒 0.6MPa   de110,聚乙烯电熔套筒 0.6MPa De110,个,个,98,
Material,3373552,1227425,规范化名称匹配,聚乙烯电熔套筒 0.6MPa   de160,聚乙烯电熔套筒 0.6MPa De160,个,个,98,
Material,3373553,1227433,规范化名称匹配,聚乙烯电熔套筒 0.6MPa   de200,聚乙烯电熔套筒 0.6MPa De200,个,个,98,
Material,3373554,1227441,规范化名称匹配,聚乙烯电熔套筒 0.6MPa   de250,聚乙烯电熔套筒 0.6MPa De250,个,个,98,
Material,3373555,1227449,规范化名称匹配,聚乙烯电熔套筒 0.6MPa   de315,聚乙烯电熔套筒 0.6MPa De315,个,个,98,
Material,3373556,1227457,规范化名称匹配,聚乙烯电熔套筒 0.6MPa   de355,聚乙烯电熔套筒 0.6MPa De355,个,个,98,
Material,3373557,1227465,规范化名称匹配,聚乙烯电熔套筒 0.6MPa   de400,聚乙烯电熔套筒 0.6MPa De400,个,个,98,
Material,1710004,1214885,相似名称匹配,石油沥青油纸 350号,石油沥青油毡 350号,卷,卷,93,自动采用唯一高相似候选
Material,2220044,1220497,规范化名称匹配,焊接钢管  DN350×6.5,焊接钢管 DN350×6.5,m,m,98,
Material,2240009,1220593,规范化名称匹配,镀锌焊接钢管  DN40×3.5,镀锌焊接钢管 DN40×3.5,m,m,98,
Material,2348510,1065701,规范化名称匹配,镀锌可锻铸铁丝堵 DN15～25,镀锌可锻铸铁丝堵 DN=15～25,个,个,98,
Material,2348211,1065651,规范化名称匹配,可锻铸铁丝堵 DN25～32,可锻铸铁丝堵 DN=25～32,个,个,98,
Material,1820702,1201486,规范化名称匹配,油浸石棉盘根 Φ6～20,油浸石棉盘根 φ=6～20,kg,kg,98,
Material,3913010,4079301,规范化名称匹配,垫片 Φ16/8,垫片 φ16/8,个,个,98,
Material,3373105,1226337,规范化名称匹配,聚乙烯给水管件  de50,聚乙烯给水管件 De50,个,个,98,
Material,3373106,1226345,规范化名称匹配,聚乙烯给水管件  de63,聚乙烯给水管件 De63,个,个,98,
Material,3320220,1022553,相似名称匹配,钢筋混凝土管接口橡胶圈 配d300,钢筋混凝土管接口橡胶圈 D300,个,个,100,自动采用唯一高相似候选
Material,3320221,1022641,相似名称匹配,钢筋混凝土管接口橡胶圈 配d400,钢筋混凝土管接口橡胶圈 D400,个,个,100,自动采用唯一高相似候选
Material,3320222,1022729,相似名称匹配,钢筋混凝土管接口橡胶圈 配d500,钢筋混凝土管接口橡胶圈 D500,个,个,100,自动采用唯一高相似候选
Material,3320223,1022817,相似名称匹配,钢筋混凝土管接口橡胶圈 配d600,钢筋混凝土管接口橡胶圈 D600,个,个,100,自动采用唯一高相似候选
Material,3320224,1022905,相似名称匹配,钢筋混凝土管接口橡胶圈 配d700,钢筋混凝土管接口橡胶圈 D700,个,个,100,自动采用唯一高相似候选
Material,3320225,1022993,相似名称匹配,钢筋混凝土管接口橡胶圈 配d800,钢筋混凝土管接口橡胶圈 D800,个,个,100,自动采用唯一高相似候选
Material,3320226,1023081,相似名称匹配,钢筋混凝土管接口橡胶圈 配d900,钢筋混凝土管接口橡胶圈 D900,个,个,100,自动采用唯一高相似候选
Material,3320227,1023169,相似名称匹配,钢筋混凝土管接口橡胶圈 配d1000,钢筋混凝土管接口橡胶圈 D1000,个,个,100,自动采用唯一高相似候选
Material,3320228,1023257,相似名称匹配,钢筋混凝土管接口橡胶圈 配d1100,钢筋混凝土管接口橡胶圈 D1100,个,个,100,自动采用唯一高相似候选
Material,3320229,1023345,相似名称匹配,钢筋混凝土管接口橡胶圈 配d1200,钢筋混凝土管接口橡胶圈 D1200,个,个,100,自动采用唯一高相似候选
Material,3320232,1023697,相似名称匹配,钢筋混凝土管接口橡胶圈 配d1800,钢筋混凝土管接口橡胶圈 D1800,个,个,100,自动采用唯一高相似候选
Material,3320233,1023785,相似名称匹配,钢筋混凝土管接口橡胶圈 配d2000,钢筋混凝土管接口橡胶圈 D2000,个,个,100,自动采用唯一高相似候选
Material,2368133,1017697,相似名称匹配,球墨铸铁雨水箅子及井圈750×450×45,球墨铸铁雨水箅子 750×450×45,套,套,95,自动采用唯一高相似候选
Material,2220045,1220505,规范化名称匹配,焊接钢管  DN400×6.5,焊接钢管 DN400×6.5,m,m,98,
Material,2220047,1220529,规范化名称匹配,焊接钢管  DN500×6.5,焊接钢管 DN500×6.5,m,m,98,
Material,3613126,1029065,相似名称匹配,橡胶棒（Ф60～100）,橡胶棒 φ=60～100,m,m,93,自动采用唯一高相似候选
Material,3613127,1028977,相似名称匹配,橡胶棒（Ф30～40）,橡胶棒 φ=30～40,m,m,92,自动采用唯一高相似候选
Material,1130020,1182605,规范化名称匹配,复层涂料骨浆（喷涂型）,复层涂料骨浆(喷涂型),kg,kg,98,
Material,1130021,1182689,规范化名称匹配,水性耐候面漆（半光型）,水性耐候面漆(半光型),kg,kg,98,
Material,3372225,1224337,相似名称匹配,聚乙烯给水管（PE）1.0MPa de50,聚乙烯给水管 1.0MPa De50,m,m,97,自动采用唯一高相似候选
Material,3373271,1226505,规范化名称匹配,聚乙烯给水管件 1.25MPa de50,聚乙烯给水管件 1.25MPa De50,个,个,98,
Material,3372226,1224345,相似名称匹配,聚乙烯给水管（PE）1.0MPa de63,聚乙烯给水管 1.0MPa De63,m,m,97,自动采用唯一高相似候选
Material,3373272,1226513,规范化名称匹配,聚乙烯给水管件 1.25MPa de63,聚乙烯给水管件 1.25MPa De63,个,个,98,
Material,3373274,1226529,规范化名称匹配,聚乙烯给水管件 1.25MPa de110,聚乙烯给水管件 1.25MPa De110,个,个,98,
Material,3372252,1224369,相似名称匹配,聚乙烯给水管（PE） 1.0MPa   de160,聚乙烯给水管 1.0MPa De160,m,m,97,自动采用唯一高相似候选
Material,3373275,1226537,规范化名称匹配,聚乙烯给水管件 1.25MPa de160,聚乙烯给水管件 1.25MPa De160,个,个,98,
Material,3372235,1224377,相似名称匹配,聚乙烯给水管（PE）1.0MPa de200,聚乙烯给水管 1.0MPa De200,m,m,97,自动采用唯一高相似候选
Material,3373276,1226545,规范化名称匹配,聚乙烯给水管件 1.25MPa de200,聚乙烯给水管件 1.25MPa De200,个,个,98,
Material,3372254,1224393,相似名称匹配,聚乙烯给水管（PE） 1.0MPa   de250,聚乙烯给水管 1.0MPa De250,m,m,97,自动采用唯一高相似候选
Material,3373471,1226785,规范化名称匹配,聚乙烯电熔管件 1.25MPa de250,聚乙烯电熔管件 1.25MPa De250,个,个,98,
Material,3372255,1224401,相似名称匹配,聚乙烯给水管（PE） 1.0MPa   de315,聚乙烯给水管 1.0MPa De315,m,m,97,自动采用唯一高相似候选
Material,3373472,1226793,规范化名称匹配,聚乙烯电熔管件 1.25MPa de315,聚乙烯电熔管件 1.25MPa De315,个,个,98,
Material,3372237,1224409,相似名称匹配,聚乙烯给水管（PE）1.0MPa de355,聚乙烯给水管 1.0MPa De355,m,m,97,自动采用唯一高相似候选
Material,3373473,1226801,规范化名称匹配,聚乙烯电熔管件 1.25MPa de355,聚乙烯电熔管件 1.25MPa De355,个,个,98,
Material,3372239,1224417,相似名称匹配,聚乙烯给水管（PE）1.0MPa de400,聚乙烯给水管 1.0MPa De400,m,m,97,自动采用唯一高相似候选
Material,3373474,1226809,规范化名称匹配,聚乙烯电熔管件 1.25MPa de400,聚乙烯电熔管件 1.25MPa De400,个,个,98,
Material,3373012,1227121,相似名称匹配,聚氯乙烯给水管接头零件 D25,聚氯乙烯给水管接头管件 D25,个,个,96,自动采用唯一高相似候选
Material,3373015,1227145,相似名称匹配,聚氯乙烯给水管接头零件 D50,聚氯乙烯给水管接头管件 D50,个,个,96,自动采用唯一高相似候选
Material,3373019,1227177,相似名称匹配,聚氯乙烯给水管接头零件 D110,聚氯乙烯给水管接头管件 D110,个,个,96,自动采用唯一高相似候选
Material,1820705,1201756,规范化名称匹配,橡胶石棉盘根 Φ11～25,橡胶石棉盘根 φ=11～25,kg,kg,98,
Material,3373281,1226625,规范化名称匹配,聚乙烯给水管件 1.6MPa de160,聚乙烯给水管件 1.6MPa De160,个,个,98,
Material,3373506,1227401,规范化名称匹配,聚乙烯电熔套筒    de63,聚乙烯电熔套筒 De63,个,个,98,
Material,3373660,1227481,规范化名称匹配,聚乙烯电熔套筒 1.0MPa   de160,聚乙烯电熔套筒 1.0MPa De160,个,个,98,
Material,3373710,1227585,规范化名称匹配,聚乙烯电熔套筒 1.6MPa de75,聚乙烯电熔套筒 1.6MPa De75,个,个,98,
Material,3373721,1227593,规范化名称匹配,聚乙烯电熔套筒 1.6MPa de160,聚乙烯电熔套筒 1.6MPa De160,个,个,98,
Material,3372229,1224353,相似名称匹配,聚乙烯给水管（PE）1.0MPa de90,聚乙烯给水管 1.0MPa De90,m,m,97,自动采用唯一高相似候选
Material,3373273,1226521,规范化名称匹配,聚乙烯给水管件 1.25MPa de90,聚乙烯给水管件 1.25MPa De90,个,个,98,
Material,3373282,1226633,规范化名称匹配,聚乙烯给水管件 1.6MPa de225,聚乙烯给水管件 1.6MPa De225,个,个,98,
Material,3373725,1227609,规范化名称匹配,聚乙烯电熔套筒 1.6MPa de250,聚乙烯电熔套筒 1.6MPa De250,个,个,98,
Material,3373283,1226641,规范化名称匹配,聚乙烯给水管件 1.6MPa de250,聚乙烯给水管件 1.6MPa De250,个,个,98,
Material,3373726,1227609,相似名称匹配,聚乙烯电熔套筒 1.6MPa dn250,聚乙烯电熔套筒 1.6MPa De250,个,个,97,自动采用唯一高相似候选
Material,1710064,1211629,规范化名称匹配单位不同,氯化聚乙烯防水卷材δ=0.5,氯化聚乙烯防水卷材 δ=0.5,㎡,m2,98,
Material,3005047,1178467,规范化名称匹配,压浆剂(AGM500),压浆剂 AGM500,kg,kg,98,
Material,3310314,1225809,规范化名称匹配,制孔胶管 d60,制孔胶管 D60,m,m,98,
Material,3378011,1225497,规范化名称匹配,PVC硬塑泄水管及管盖 Φ150×40,PVC硬塑泄水管及管盖 φ150×40,套,套,98,
Machine,9104152,9104155,相似名称匹配,电动灌浆机 ≤3m3/h,电动灌浆机 ≤3m³/h,台班,台班,96,自动采用唯一高相似候选
Material,3310315,1225817,规范化名称匹配,制孔胶管 d80,制孔胶管 D80,m,m,98,
Material,3310316,1225825,规范化名称匹配,制孔胶管 d90,制孔胶管 D90,m,m,98,
Material,3378012,1225473,规范化名称匹配,PVC硬塑管  Φ100,PVC硬塑管 φ100,m,m,98,
Machine,9107463,9110161,规范化名称匹配,轮胎式搬梁机≤600t,轮胎式搬梁机 ≤600t,台班,台班,98,
Material,3310216,1225753,规范化名称匹配,输水胶管 d22,输水胶管 D22,m,m,98,
Machine,9107432,9110132,规范化名称匹配,现浇移动模架造桥机≤900t,现浇移动模架造桥机 ≤900t,台班,台班,98,
Machine,9102321,9102341,相似名称匹配,斜撑桅杆式起重机 ≤10t,桅杆式起重机 ≤10t,台班,台班,100,自动采用唯一高相似候选
Material,2031031,3048061,相似名称匹配,不锈钢连接线（2m/套）,不锈钢连接线 2m,套,套,100,自动采用唯一高相似候选
Material,2031032,3048009,相似名称匹配单位不同,不锈钢连接线（0.4m/套）,不锈钢连接线 0.4m,m,套,99,自动采用唯一高相似候选
Material,8113133,1309477,规范化名称匹配,防护套管 内径28mm,防护套管 内径28,m,m,98,
Material,8800065,1066951,规范化名称匹配单位不同,防松螺母M8~10,防松螺母 M=8～10,套,个,98,
Material,8800067,1067051,规范化名称匹配单位不同,防松螺母M16,防松螺母 M16,套,个,98,
Material,2260013,1221481,规范化名称匹配,铁皮通风管 Φ1200,铁皮通风管 φ1200,m,m,98,
Material,3360031,1224089,规范化名称匹配,软质通风管 Φ1200,软质通风管 φ1200,m,m,98,
Material,2260014,1221489,规范化名称匹配,铁皮通风管 Φ1500,铁皮通风管 φ1500,m,m,98,
Material,3360201,1224097,规范化名称匹配,软质通风管 Φ1400,软质通风管 φ1400,m,m,98,
Material,3360202,1224105,规范化名称匹配,软质通风管 Φ1500,软质通风管 φ1500,m,m,98,
Material,2260017,1221505,规范化名称匹配,铁皮通风管 Φ1800,铁皮通风管 φ1800,m,m,98,
Material,3360204,1224121,规范化名称匹配,软质通风管 Φ1800,软质通风管 φ1800,m,m,98,
Material,3310014,1225665,规范化名称匹配,高压胶管 d38,高压胶管 D38,m,m,98,
Material,3413050,1222193,相似名称匹配,透水软管 Φ50～80,透水软管 D=50～80,m,m,93,自动采用唯一高相似候选
Machine,9104151,9104151,相似名称匹配,气动灌浆机 ≤3m3/h,气动灌浆机 ≤3m³/h,台班,台班,94,自动采用唯一高相似候选
Material,1140005,1149665,规范化名称匹配,竹钉 Φ5×40,竹钉 φ5×40,百个,百个,98,
Material,2260011,1221465,规范化名称匹配,铁皮通风管 Φ800,铁皮通风管 φ800,m,m,98,
Material,3310215,1225745,规范化名称匹配,输气胶管 d51 6层,输气胶管 D51 6层,m,m,98,
Material,3360027,1224073,规范化名称匹配,软质通风管 Φ800,软质通风管 φ800,m,m,98,
Machine,9103311,9103311,相似名称匹配,轨道式混凝土搅拌输送车 ≤3m3,轨道式混凝土搅拌输送车 ≤3m³,台班,台班,96,自动采用唯一高相似候选
Material,3310214,1225737,规范化名称匹配,输气胶管 d25 5层,输气胶管 D25 5层,m,m,98,
Material,7517510,5041361,规范化名称匹配,电缆托架  甲型,电缆托架 甲型,套,套,98,
Material,1423515,1135833,规范化名称匹配,混凝土电缆槽道盖板（500×700×100）,混凝土电缆槽道盖板 500×700×100,块,块,98,
Material,1423501,1134969,相似名称匹配,钢筋混凝土槽（带盖板）1000×80×80,钢筋混凝土槽 1000×80×80,个,个,94,自动采用唯一高相似候选
Material,1423502,1135077,相似名称匹配,钢筋混凝土槽(带盖板) 1000×120×80,钢筋混凝土槽 1000×120×80,个,个,95,自动采用唯一高相似候选
Material,1600705,1057069,相似名称匹配,玻璃钢电缆槽 ≤200,玻璃钢电缆槽（含盖） ≤200,m,m,94,自动采用唯一高相似候选
Material,1600706,1057193,相似名称匹配,玻璃钢电缆槽 ≤400,玻璃钢电缆槽（含盖） ≤400,m,m,94,自动采用唯一高相似候选
Material,7510011,5050126,规范化名称匹配单位不同,光缆接头盒  ＞60芯,光缆接头盒 ＞60芯,套,个,98,
Material,1120002,1143021,规范化名称匹配,防腐木电杆 Φ140×6000,防腐木电杆 φ140×6000,根,根,98,
Material,1120014,1143323,规范化名称匹配,防腐圆木 Φ150～180×2100,防腐圆木 φ(150～180)×2100,根,根,98,
Material,7415210,5045526,规范化名称匹配,地锚铁柄 Φ16×2100～2400,地锚铁柄 φ16×(2100～2400),根,根,98,
Material,7415212,5045696,规范化名称匹配,拉线铁柄 Φ20×450,拉线铁柄 φ20×450,副,副,98,
Machine,9109701,9120201,相似名称匹配,电容藕合测试仪 800～1000Hz,电容耦合测试仪 800～1000Hz,台班,台班,97,自动采用唯一高相似候选
Material,4715111,7010799,相似名称匹配,铜芯塑料线 1芯 0.2mm2(彩色),阻燃铜芯塑料线 1芯 0.2mm2(彩色),m,m,100,自动采用唯一高相似候选
Material,7415611,5045951,规范化名称匹配,地线棒 Φ12×100,地线棒 φ12×100,根,根,98,
Material,4715112,7010818,相似名称匹配,铜芯塑料线 2芯 0.2mm2(彩色),阻燃铜芯塑料线 2芯 0.2mm2(彩色),m,m,100,自动采用唯一高相似候选
Material,4716054,7011065,规范化名称匹配,阻燃铜芯塑料软线 ZR－BVR16mm2,阻燃铜芯塑料软线 ZR-BVR 16mm2,m,m,98,
Material,4716055,7011084,规范化名称匹配,阻燃铜芯塑料软线 ZR－BVR50mm2,阻燃铜芯塑料软线 ZR-BVR 50mm2,m,m,98,
Material,2550011,1012185,规范化名称匹配,钢丝绳轧头 Φ10,钢丝绳轧头 φ10,个,个,98,
Material,7412618,5075288,相似名称匹配,900MH漏泄电缆卡具加强型,900MHz漏泄电缆卡具加强型,个,个,100,自动采用唯一高相似候选
Material,7412619,5075599,相似名称匹配,900MH漏缆洞内防火卡具加强型,900MHz漏缆洞内防火卡具加强型,个,个,100,自动采用唯一高相似候选
Material,4716056,7011103,规范化名称匹配,阻燃铜芯塑料软线 ZR－BVR10mm2,阻燃铜芯塑料软线 ZR-BVR 10mm2,m,m,98,
Material,7517717,5057876,规范化名称匹配,同轴电缆接头SYWV-75-12,同轴电缆接头 SYWV-75-12,个,个,98,
Material,8810303,1308962,规范化名称匹配,不锈钢金属软管Φ50,不锈钢金属软管 φ50,个,个,98,
Material,4842147,6067057,规范化名称匹配,铜包钢接地棒  1.5m,铜包钢接地棒 1.5m,根,根,98,
Material,7212027,5023081,相似名称匹配,市话电缆 HYA 200×2×0.5,市话电缆 HYAT 200×2×0.5,m,m,100,自动采用唯一高相似候选
Material,8714017,1136049,规范化名称匹配,混凝土电缆槽道盖板（1000×850×120）,混凝土电缆槽道盖板 1000×850×120,块,块,98,
Material,7414014,5043571,规范化名称匹配,镀锌无头穿钉 M19×800～900,镀锌无头穿钉 M19×(800～900),根,根,98,
Material,7519313,1302267,规范化名称匹配,光电缆保护钢槽  200×150,光电缆保护钢槽 200×150,m,m,98,
Material,8800058,1308241,规范化名称匹配,PVC防护管Φ80 0.5m,PVC防护管 φ80 0.5m,根,根,98,
Material,8800059,1308344,规范化名称匹配,PVC防护管Φ100 0.5m,PVC防护管 φ100 0.5m,根,根,98,
Material,8800060,6090001,规范化名称匹配,木条50×10,木条 50×10,m,m,98,
Material,3603019,1060001,规范化名称匹配,化学锚栓带帽（M8×70）,化学锚栓带帽 M8×70,套,套,98,
Material,8751086,6039541,规范化名称匹配,热镀锌金属卡具   各型,热镀锌金属卡具 各型,个,个,98,
Machine,9108173,9107173,规范化名称匹配,水钻打孔机 ≤150mm,水钻打孔机 ≤150,台班,台班,98,
Material,8711064,6059073,规范化名称匹配,防盗型SMC复合材料 变压器箱XB1,防盗型SMC复合材料 变压器箱 XB1,个,个,98,
Material,8711065,6059109,规范化名称匹配,防盗型SMC复合材料 变压器箱XB2,防盗型SMC复合材料 变压器箱 XB2,个,个,98,
Material,3624015,1062901,规范化名称匹配,不锈钢螺栓（M16×35）,不锈钢螺栓 M16×35,个,个,98,
Material,4611033,7033877,规范化名称匹配,铜接线端子DT-50,铜接线端子 DT-50,个,个,98,
Material,8751036,6033781,规范化名称匹配,终端盒热镀锌金属基础支架   地面用,终端盒热镀锌金属基础支架 地面用,对,对,98,
Material,8751040,6032917,规范化名称匹配,矮型信号机金属基础支架　一机构   地面用,矮型信号机金属基础支架 一机构 地面用,对,对,98,
Material,8751041,6035329,规范化名称匹配,柱式信号机连接器　一机构　地面用,柱式信号机连接器 一机构 地面用,个,个,98,
Material,8800086,1225785,规范化名称匹配,黑色橡胶输水胶管Φ60,黑色橡胶输水胶管 φ60,m,m,98,
Material,8800088,6091289,规范化名称匹配,热缩管Φ100,热缩管 φ100,m,m,98,
Material,8800097,6091657,规范化名称匹配,压接铜端头Φ25,压接铜端头 φ25,个,个,98,
Material,8751026,6035509,规范化名称匹配,镀锌螺栓带帽及防松装置（M20×260）,镀锌螺栓带帽及防松装置 M20×260,套,套,98,
Material,8751028,6034033,规范化名称匹配,变压器箱热镀锌金属基础支架  墙上（80×50）,变压器箱热镀锌金属基础支架 墙上（80×50）,对,对,98,
Material,8751031,6032845,规范化名称匹配,信号机热镀锌金属基础支架　单机构　墙上,信号机热镀锌金属基础支架 单机构 墙上,对,对,98,
Material,8751032,6035257,规范化名称匹配,柱式信号机连接器 单机构　墙上,柱式信号机连接器 单机构 墙上,个,个,98,
Material,8751037,6034069,规范化名称匹配,变压器箱热镀锌金属基础支架   地面用,变压器箱热镀锌金属基础支架 地面用,对,对,98,
Material,8751043,6032953,规范化名称匹配,矮型信号机金属支架　一机构  隧道用,矮型信号机金属支架 一机构 隧道用,对,对,98,
Material,8751087,6039613,规范化名称匹配,弹簧端子用插接线卡   室外,弹簧端子用插接线卡 室外,个,个,98,
Material,8800073,1060401,相似名称匹配,化学锚栓含帽（M16×200～220）,化学锚栓带帽 M16×(200～220),套,套,97,自动采用唯一高相似候选
Material,8800085,1225777,规范化名称匹配,黑色橡胶输水胶管Φ38,黑色橡胶输水胶管 φ38,m,m,98,
Material,8110072,6024621,规范化名称匹配,铝合金进路表示器  矮型一灯,铝合金进路表示器 矮型一灯,台,台,98,
Material,8751033,6032881,规范化名称匹配,信号机热镀锌金属基础支架　双机构　墙上,信号机热镀锌金属基础支架 双机构 墙上,对,对,98,
Material,8751034,6035293,规范化名称匹配,柱式信号机连接器 双机构　墙上,柱式信号机连接器 双机构 墙上,个,个,98,
Material,8751042,6027041,规范化名称匹配,矮型信号机金属基础  双机构   隧道用,矮型信号机金属基础 双机构 隧道用,对,对,98,
Material,8800076,6032989,规范化名称匹配,矮型信号机金属基础支架　双机构   地面用,矮型信号机金属基础支架 双机构 地面用,对,对,98,
Material,8800087,1225793,规范化名称匹配,黑色橡胶输水胶管Φ100,黑色橡胶输水胶管 φ100,m,m,98,
Material,8111036,6025391,规范化名称匹配,钢筋混凝土信号机柱 Φ150×8.5m,钢筋混凝土信号机柱 φ150×8.5m,根,根,98,
Material,8111037,6025501,规范化名称匹配,钢筋混凝土信号机柱 Φ150×10m,钢筋混凝土信号机柱 φ150×10m,根,根,98,
Material,8111038,6025611,规范化名称匹配,钢筋混凝土信号机柱 Φ150×11m,钢筋混凝土信号机柱 φ150×11m,根,根,98,
Material,8110059,6036517,规范化名称匹配,调谐区停车标 （反光型）,调谐区停车标（反光型）,个,个,98,
Material,8110060,6036553,规范化名称匹配,四显示区段接通标 （反光型）,四显示区段接通标（反光型）,个,个,98,
Material,3603020,1060101,规范化名称匹配,化学锚栓带帽（M10×70～100）,化学锚栓带帽 M10×(70～100),套,套,98,
Material,8751055,6036805,规范化名称匹配,停车标或标志牌  V形（不带基础桩）,停车标或标志牌 V形（不带基础桩）,个,个,98,
Material,8751035,6033457,规范化名称匹配,方向盒热镀锌金属基础支架　地面用,方向盒热镀锌金属基础支架 地面用,对,对,98,
Material,8310010,6044105,规范化名称匹配,电动转辙机安装装置内锁闭（50kg/m、1个牵引点）,电动转辙机安装装置内锁闭 （50kg/m、1个牵引点）,套,套,98,
Material,8310018,6044409,规范化名称匹配,电动转辙机安装装置内锁闭（50kg/m、18号、3个牵引点）,电动转辙机安装装置内锁闭 （50kg/m、18号、3个牵引点）,套,套,98,
Material,8310117,6045473,相似名称匹配单位不同,道岔外锁闭装置 （60kg/m、12号、2个牵引点）,电动转辙机道岔外锁闭装置 （60kg/m、12号、2个牵引点）,套,组,98,自动采用唯一高相似候选
Material,8310118,6045625,相似名称匹配单位不同,道岔外锁闭装置 （60kg/m、12号、4个牵引点）,电动转辙机道岔外锁闭装置 （60kg/m、12号、4个牵引点）,套,组,98,自动采用唯一高相似候选
Material,8310119,6045777,相似名称匹配单位不同,道岔外锁闭装置 （60kg/m、12号、5个牵引点）,电动转辙机道岔外锁闭装置 （60kg/m、12号、5个牵引点）,套,组,98,自动采用唯一高相似候选
Material,8310120,6046081,相似名称匹配单位不同,道岔外锁闭装置 （60kg/m、30号、9个牵引点）,电动转辙机道岔外锁闭装置 （60kg/m、30号、9个牵引点）,套,组,98,自动采用唯一高相似候选
Material,8800110,6040913,规范化名称匹配,电动转辙机安装装置（60kg/m、42号、9个牵引点）,电动转辙机安装装置 （60kg/m、42号、9个牵引点）,套,套,98,
Material,8800111,6046385,相似名称匹配单位不同,道岔外锁闭装置（60kg/m、42号、9个牵引点）,电动转辙机道岔外锁闭装置 （60kg/m、42号、9个牵引点）,套,组,98,自动采用唯一高相似候选
Material,8310051,6041977,相似名称匹配,电液转辙机安装装置 （50kg/m、9、12号、1个牵引点）,电液转辙机安装装置 （50kg/m、9号、12号、1个牵引点）,套,套,100,自动采用唯一高相似候选
Material,8800122,6045321,规范化名称匹配,电液转辙机安装装置 内锁闭 （50、60kg/m、18号、固定心轨、3个牵引点）,电液转辙机安装装置内锁闭 （50、60kg/m、18号、固定心轨、3个牵引点）,套,套,98,
Material,8310141,6046841,相似名称匹配单位不同,电液道岔外锁闭装置 （60kg/m、9、12号、AT轨、2个牵引点）,电液转辙机道岔外锁闭装置 （60kg/m、9号、12号、AT轨、2个牵引点）,套,组,94,自动采用唯一高相似候选
Material,8310142,6046993,相似名称匹配单位不同,电液道岔外锁闭装置 （60kg/m、12号、AT轨、4个牵引点）,电液转辙机道岔外锁闭装置 （60kg/m、12号、AT轨、4个牵引点）,套,组,95,自动采用唯一高相似候选
Material,8310143,6047145,相似名称匹配单位不同,电液道岔外锁闭装置 （60kg/m、12号、AT轨、5个牵引点）,电液转辙机道岔外锁闭装置 （60kg/m、12号、AT轨、5个牵引点）,套,组,95,自动采用唯一高相似候选
Material,8310144,6047297,相似名称匹配单位不同,电液道岔外锁闭装置 （60kg/m、18号、AT轨、5个牵引点）,电液转辙机道岔外锁闭装置 （60kg/m、18号、AT轨、5个牵引点）,套,组,95,自动采用唯一高相似候选
Material,8310145,6047449,相似名称匹配单位不同,电液道岔外锁闭装置 （60kg/m、30号、AT轨、9个牵引点）,电液转辙机道岔外锁闭装置 （60kg/m、30号、AT轨、9个牵引点）,套,组,95,自动采用唯一高相似候选
Material,8800113,6047753,相似名称匹配单位不同,电液道岔外锁闭装置 （60kg/m、42号、AT轨、9个牵引点）,电液转辙机道岔外锁闭装置 （60kg/m、42号、AT轨、9个牵引点）,套,组,95,自动采用唯一高相似候选
Material,8800121,6039289,相似名称匹配,JM-A道岔密贴检查器 （两侧）,JM道岔密贴检查器（两侧）,套,套,95,自动采用唯一高相似候选
Material,8217022,6054825,规范化名称匹配,97型轨道变压器 BG3-130/25（50HZ）,97型轨道变压器 BG3-130/25（50Hz）,台,台,98,
Material,8411081,6051081,规范化名称匹配,护套钢轨引接线 Φ1.2×19 L=1600,护套钢轨引接线 φ1.2×19 L=1600,根,根,98,
Material,8217023,6054789,规范化名称匹配,97型轨道变压器 BG2-130/25（400HZ）,97型轨道变压器 BG2-130/25（400Hz）,台,台,98,
Material,8217030,6055617,规范化名称匹配,97型扼流变压器 BE2-400/25（50HZ）,97型扼流变压器 BE2-400/25（50Hz）,台,台,98,
Material,8414021,6052521,规范化名称匹配,扼流变压器中点连接板≤600A,扼流变压器中点连接板 ≤600A,块,块,98,
Material,8217027,6055473,规范化名称匹配,97型扼流变压器 BE1-600/25（400HZ）,97型扼流变压器 BE1-600/25（400Hz）,台,台,98,
Material,8217028,6055509,规范化名称匹配,97型扼流变压器 BE1-800/25（400HZ）,97型扼流变压器 BE1-800/25（400Hz）,台,台,98,
Material,8414022,6052557,规范化名称匹配,扼流变压器中点连接板≤1000A,扼流变压器中点连接板 ≤1000A,块,块,98,
Material,8217033,6055725,规范化名称匹配,97型扼流变压器 BE2-1000/25（50HZ）,97型扼流变压器 BE2-1000/25（50Hz）,台,台,98,
Material,8217029,6055545,规范化名称匹配,97型扼流变压器 BE1-1000/25（400HZ）,97型扼流变压器 BE1-1000/25（400Hz）,台,台,98,
Material,8751029,6034177,规范化名称匹配,扼流变压器热镀锌金属基础支架　墙上（80×50）,扼流变压器热镀锌金属基础支架 墙上（80×50）,对,对,98,
Material,8751038,6034213,规范化名称匹配,扼流变压器箱热镀锌金属基础支架　地面用,扼流变压器箱热镀锌金属基础支架 地面用,对,对,98,
Material,4717411,6067939,相似名称匹配,连接电缆 7.42mm2,接地电缆 7.42mm2,m,m,92,自动采用唯一高相似候选
Material,8221032,6035725,规范化名称匹配,冷压端子 Φ6孔,冷压端子 φ6孔,个,个,98,
Material,8221033,6035761,规范化名称匹配,冷压端子 Φ8孔,冷压端子 φ8孔,个,个,98,
Material,8415019,6056949,规范化名称匹配,塞钉Φ13.5,塞钉 φ13.5,个,个,98,
Material,8519001,6063235,规范化名称匹配,ZPW-2000  调谐单元 ZW.T1,ZPW-2000 调谐单元 ZW.T1,个,个,98,
Material,8519012,6052125,规范化名称匹配,ZPW-2000  钢轨连接线 2000mm 钢包铜70mm2,ZPW-2000 钢轨连接线 2000 钢包铜70mm2,根,根,98,
Material,8519013,6052161,规范化名称匹配,ZPW-2000  钢轨连接线 3700mm 钢包铜70mm2,ZPW-2000 钢轨连接线 3700 钢包铜70mm2,根,根,98,
Material,8519014,6051909,规范化名称匹配,ZPW-2000  设备连接线 250mm 7.4mm2,ZPW-2000 设备连接线 250 7.4mm2,根,根,98,
Material,8519015,6052017,规范化名称匹配,ZPW-2000  设备连接线 500mm 7.4mm2,ZPW-2000 设备连接线 500 7.4mm2,根,根,98,
Material,8519016,6051945,规范化名称匹配,ZPW-2000  设备连接线 300mm 10mm2,ZPW-2000 设备连接线 300 10mm2,根,根,98,
Material,8519010,6052053,规范化名称匹配,ZPW-2000  设备连接线 2700mm 7.4mm2,ZPW-2000 设备连接线 2700 7.4mm2,根,根,98,
Material,8519011,6052089,规范化名称匹配,ZPW-2000  设备连接线 2700mm 10mm2,ZPW-2000 设备连接线 2700 10mm2,根,根,98,
Material,8800115,6051981,规范化名称匹配,ZPW-2000 设备连接线 300mm 35mm2,ZPW-2000 设备连接线 300 35mm2,根,根,98,
Material,8751090,6051189,规范化名称匹配,钢轨等阻引接线 L=2500  带绝缘护套钢包铜95mm2,钢轨等阻引接线 L=2500 带绝缘护套钢包铜95mm2,根,根,98,
Material,8751091,6051225,规范化名称匹配,钢轨等阻引接线 L=4200  带绝缘护套钢包铜95mm2,钢轨等阻引接线 L=4200 带绝缘护套钢包铜95mm2,根,根,98,
Material,8519007,6032485,规范化名称匹配,ZPW-2000  补偿电容 CBG1,ZPW-2000 补偿电容 CBG1,套,套,98,
Material,8751030,6033889,规范化名称匹配,双体防护盒热镀锌金属基础支架  墙上（60×50）,双体防护盒热镀锌金属基础支架 墙上（60×50）,对,对,98,
Material,8751039,6033925,规范化名称匹配,轨道双体防护盒热镀锌金属基础支架　地面用,轨道双体防护盒热镀锌金属基础支架 地面用,对,对,98,
Material,8751092,6051297,规范化名称匹配,钢轨引接线L=2500  带绝缘护套钢包铜95mm2,钢轨引接线 L=2500 带绝缘护套钢包铜95mm2,根,根,98,
Material,8751093,6051369,规范化名称匹配,钢轨引接线L=4200  带绝缘护套钢包铜95mm2,钢轨引接线 L=4200 带绝缘护套钢包铜95mm2,根,根,98,
Material,4611032,7033945,规范化名称匹配,铜接线端子DT-70,铜接线端子 DT-70,个,个,98,
Material,8751065,6056049,规范化名称匹配,空扼流变压器   BE(K)-1000/ZPW,空扼流变压器 BE(K)-1000/ZPW,台,台,98,
Material,8751118,6052269,规范化名称匹配,横向连接线 带绝缘护套钢包铜95mm2,横向连接线 带绝缘护套钢包铜 95mm2,m,m,98,
Material,3360020,1224001,规范化名称匹配,聚氯乙烯软管 d20×2.5,聚氯乙烯软管 D20×2.5,m,m,98,
Material,8413010,6052701,规范化名称匹配,钢轨接续线 Φ5×940,钢轨接续线 φ5×940,根,根,98,
Material,8413011,6052737,规范化名称匹配,钢轨接续线 Φ5×1100,钢轨接续线 φ5×1100,根,根,98,
Material,8414010,6051441,相似名称匹配,中间连接线 1.2×37×2 L=6000,中间连接线 φ1.2×37×2 L=6000,根,根,100,自动采用唯一高相似候选
Material,8414011,6051477,相似名称匹配,中间连接线 1.2×37×2 L=10000,中间连接线 φ1.2×37×2 L=10000,根,根,100,自动采用唯一高相似候选
Material,8414012,6051513,相似名称匹配,中间连接线 1.2×37×2 L=15000,中间连接线 φ1.2×37×2 L=15000,根,根,100,自动采用唯一高相似候选
Material,8751097,6052917,规范化名称匹配,道岔跳线L=900   带绝缘护套钢包铜95mm2,道岔跳线 L=900 带绝缘护套钢包铜95mm2,根,根,98,
Material,8751098,6052989,规范化名称匹配,道岔跳线L=1200  带绝缘护套钢包铜95mm2,道岔跳线 L=1200 带绝缘护套钢包铜95mm2,根,根,98,
Material,8751099,6053097,规范化名称匹配,道岔跳线L=1500  带绝缘护套钢包铜95mm2,道岔跳线 L=1500 带绝缘护套钢包铜95mm2,根,根,98,
Material,8751100,6053277,规范化名称匹配,道岔跳线L=3800  带绝缘护套钢包铜95mm2,道岔跳线 L=3800 带绝缘护套钢包铜95mm2,根,根,98,
Material,8751101,6053313,规范化名称匹配,道岔跳线L=4100  带绝缘护套钢包铜95mm2,道岔跳线 L=4100 带绝缘护套钢包铜95mm2,根,根,98,
Material,8751102,6053169,规范化名称匹配,道岔跳线L=2300  带绝缘护套钢包铜95mm2,道岔跳线 L=2300 带绝缘护套钢包铜95mm2,根,根,98,
Material,8751111,6053673,规范化名称匹配,岔后并联跳线L=6400   带绝缘护套钢包铜95mm2,岔后并联跳线 L=6400 带绝缘护套钢包铜95mm2,根,根,98,
Material,8751114,6053781,规范化名称匹配,岔后并联跳线L=7900   带绝缘护套钢包铜95mm2,岔后并联跳线 L=7900 带绝缘护套钢包铜95mm2,根,根,98,
Material,8751104,6053421,规范化名称匹配,岔后并联跳线L=2900   带绝缘护套钢包铜95mm2,岔后并联跳线 L=2900 带绝缘护套钢包铜95mm2,根,根,98,
Material,8751105,6053457,规范化名称匹配,岔后并联跳线L=3400   带绝缘护套钢包铜95mm2,岔后并联跳线 L=3400 带绝缘护套钢包铜95mm2,根,根,98,
Material,8751106,6053493,规范化名称匹配,岔后并联跳线L=3900   带绝缘护套钢包铜95mm2,岔后并联跳线 L=3900 带绝缘护套钢包铜95mm2,根,根,98,
Material,8751107,6053529,规范化名称匹配,岔后并联跳线L=4900   带绝缘护套钢包铜95mm2,岔后并联跳线 L=4900 带绝缘护套钢包铜95mm2,根,根,98,
Material,8751108,6053565,规范化名称匹配,岔后并联跳线L=5800   带绝缘护套钢包铜95mm2,岔后并联跳线 L=5800 带绝缘护套钢包铜95mm2,根,根,98,
Material,8751110,6053637,规范化名称匹配,岔后并联跳线L=6300   带绝缘护套钢包铜95mm2,岔后并联跳线 L=6300 带绝缘护套钢包铜95mm2,根,根,98,
Material,8751112,6053709,规范化名称匹配,岔后并联跳线L=6800   带绝缘护套钢包铜95mm2,岔后并联跳线 L=6800 带绝缘护套钢包铜95mm2,根,根,98,
Material,8751113,6053745,规范化名称匹配,岔后并联跳线L=6900   带绝缘护套钢包铜95mm2,岔后并联跳线 L=6900 带绝缘护套钢包铜95mm2,根,根,98,
Material,8751116,6053853,规范化名称匹配,岔后并联跳线L=9300   带绝缘护套钢包铜95mm2,岔后并联跳线 L=9300 带绝缘护套钢包铜95mm2,根,根,98,
Material,8800072,1060451,相似名称匹配,化学锚栓含帽（M16.5×90）,化学锚栓带帽 M16.5×90,套,套,96,自动采用唯一高相似候选
Material,8751002,1308447,规范化名称匹配,UPVC防护管  内径28,UPVC防护管 内径28,m,m,98,
Material,4415015,7039453,规范化名称匹配,交流电铃 Φ200,交流电铃 φ200,个,个,98,
Material,8114019,6025721,规范化名称匹配,钢筋混凝土道口信号机柱 Φ150×5.5m,钢筋混凝土道口信号机柱 φ150×5.5m,根,根,98,
Material,8800125,6069017,规范化名称匹配,接地电缆 阻燃型25mm2,接地电缆 阻燃型 25mm2,m,m,98,
Material,3394112,1033571,规范化名称匹配,聚氯乙烯丝 Φ0.14～0.2,聚氯乙烯丝 φ=0.14～0.2,kg,kg,98,
Material,3310312,1225801,规范化名称匹配,胶管 d7～10,胶管 D=7～10,m,m,98,
Material,4716053,7011046,规范化名称匹配,阻燃铜芯塑料软线 ZR－BVR6mm2,阻燃铜芯塑料软线 ZR-BVR 6mm2,m,m,98,
Material,3360011,1223929,规范化名称匹配,聚氯乙烯软管 d6×0.6,聚氯乙烯软管 D6×0.6,m,m,98,
Material,4716051,7011008,规范化名称匹配,阻燃铜芯塑料软线 ZR－BVR2.5mm2,阻燃铜芯塑料软线 ZR-BVR 2.5mm2,m,m,98,
Material,8751024,1301649,规范化名称匹配,室内镀锌走线槽（含盖）150×200,室内镀锌走线槽（含盖） 150×200,m,m,98,
Material,8221039,6037129,相似名称匹配,分线盘端子配线名牌,分线盘端子配线铭牌,个,个,92,自动采用唯一高相似候选
Material,8800124,6068919,规范化名称匹配,接地电缆 阻燃型10mm2,接地电缆 阻燃型 10mm2,m,m,98,
Material,8018025,6018881,相似名称匹配,网线－超五类线,网线 超五类线,m,m,95,自动采用唯一高相似候选
Material,8211052,6030145,规范化名称匹配,组合用断路器 SA4－G2型 380V,组合用断路器 SA4-G2型 380V,个,个,98,
Material,8211053,6030181,规范化名称匹配,组合用断路器 SA2－H2型 DC24/220V,组合用断路器 SA2-H2型 DC24/220V,个,个,98,
Material,8211054,6030217,规范化名称匹配,组合用断路器 SA3－H3型 DC220V,组合用断路器 SA3-H3型 DC220V,个,个,98,
Material,8018067,6019001,规范化名称匹配,阻燃屏蔽线ZR-BVVR  2×0.3mm2,阻燃屏蔽线 ZR-BVVR  2×0.3mm2,m,m,98,
Material,4716061,6019541,规范化名称匹配,阻燃线 CVZ－S－1.0,阻燃线 CVZ-S-1.0,m,m,98,
Material,8113132,1309374,规范化名称匹配,防护套管 内径18mm,防护套管 内径18,m,m,98,
Material,8113169,6084541,规范化名称匹配,驼峰无线机车信号、遥控地面主机安装支架,驼峰无线机车信号、遥控地面主机 安装支架,个,个,98,
Material,8113170,6086357,规范化名称匹配,驼峰无线机车信号、遥控楼内天线安装支架,驼峰无线机车信号、遥控楼内天线 安装支架,个,个,98,
Material,1960028,1010677,规范化名称匹配,热镀锌圆钢φ8,热镀锌圆钢 φ8,kg,kg,98,
Material,8800129,6068625,规范化名称匹配,接地电缆 阻燃型1.5mm2,接地电缆 阻燃型 1.5mm2,m,m,98,
Material,8800056,6038821,规范化名称匹配,电加热元件金属固定卡具   把手卡,电加热元件金属固定卡具 把手卡,套,套,98,
Material,8800057,6039325,规范化名称匹配,电加热元件金属固定卡具   弹性卡,电加热元件金属固定卡具 弹性卡,套,套,98,
Material,8800055,6071425,规范化名称匹配,加热条 直把手U条150W,加热条 直把手U条 150W,根,根,98,
Material,8800046,6072493,规范化名称匹配,加热条 直或U把手 1680/ 600W,加热条 直或U把手 1680/600W,根,根,98,
Material,4128014,7036325,相似名称匹配,电源扳(包括闸刀插座),电源板(包括闸刀插座),套,套,92,自动采用唯一高相似候选
Material,8751012,1301855,规范化名称匹配,室内宽型镀锌走线槽（含盖）200×600,室内宽型镀锌走线槽（含盖） 200×600,m,m,98,
Material,1300420,1126337,规范化名称匹配,水泥铺地砖300×300×60,水泥铺地砖 300×300×60,千块,千块,98,
Material,1300422,1126733,规范化名称匹配,水泥铺地砖550×550×80,水泥铺地砖 550×550×80,千块,千块,98,
Material,1300424,1126931,规范化名称匹配,水泥六角砖250×60,水泥六角砖 250×60,千块,千块,98,
Material,1300423,4032223,规范化名称匹配,石板495×355×12,石板 495×355×12,m2,m2,98,
